num,message_id,tag,user_id,username,join_date,country,followers,following,posts_count,likes_counts,watchlist_countsplatform
0,471681465,NULL,1505519,Billionaireclubcollc,2018-05-26,US,8428,3,166721,21808,296,Web
1,471680842,Bullish,6730405,John88888888,2022-07-05,CA,0,5,47,10,3,iOS
2,471680313,NULL,551986,CrzyChris5,2015-07-17,US,219,1,9421,1604,16,
3,471679253,NULL,1555408,STCKPRO,2018-07-24,US,8996,2,939379,51,0,STCK.PRO
4,471678042,NULL,1505519,Billionaireclubcollc,2018-05-26,US,8428,3,166721,21808,296,Web
5,471677828,NULL,5958191,Crypto_Trapper,2021-10-03,US,26,29,722,4,10,iOS
6,471677653,NULL,551986,CrzyChris5,2015-07-17,US,218,1,9421,1604,16,
7,471676170,Bullish,5958191,Crypto_Trapper,2021-10-03,US,26,29,722,4,10,iOS
8,471676052,NULL,5958191,Crypto_Trapper,2021-10-03,US,26,29,722,4,10,iOS
9,471675344,Bullish,3760220,AJRBR,2020-07-08,US,24,33,521,9637,26,Web
10,471674593,NULL,5112311,e_x_p_i_r_e,2021-02-22,US,14,7,1573,2684,11,Web
11,471672675,Bearish,6697543,Automaton_Type_2b,2022-06-16,US,0,0,58,83,14,
12,471671950,NULL,1592689,FidelCashflow1,2018-08-29,US,22,86,698,296,4,iOS
13,471671347,Bullish,4501991,Lionseer,2021-01-01,US,33,22,3214,4108,74,iOS
14,471670508,Bullish,4842799,CanIGetABreak,2021-02-02,US,11,21,1099,933,55,
15,471667457,Bullish,3160767,cloudcoin,2020-03-07,US,59,214,1541,2400,9,iOS
16,471667025,NULL,1555408,STCKPRO,2018-07-24,US,8996,2,939136,51,0,STCK.PRO
17,471665403,Bearish,3975552,Honeycombz11,2020-08-19,US,69,9,4627,3253,46,Web
18,471665192,Bullish,6284822,PeaCy____,2022-01-26,US,36,41,3233,4920,7,
19,471665078,Bearish,3902238,Pitbullbearista,2020-08-04,US,257,48,21422,13074,83,iOS
20,471664316,Bullish,3688898,marketp,2020-06-25,US,195,44,5121,10659,283,iOS
21,471662544,NULL,1505519,Billionaireclubcollc,2018-05-26,US,8428,3,166713,21807,296,Web
22,471662324,NULL,1505519,Billionaireclubcollc,2018-05-26,US,8428,3,166713,21807,296,Web
23,471661843,NULL,493176,WarHammerCapital,2015-03-29,US,149,74,12103,2794,37,iOS
24,471661415,Bearish,3902238,Pitbullbearista,2020-08-04,US,257,48,21422,13073,83,iOS
25,471660534,NULL,1505519,Billionaireclubcollc,2018-05-26,US,8428,3,166688,21807,296,Web
26,471657680,Bearish,836166,jmoney091,2016-09-07,US,202,56,6075,3373,56,iOS
27,471657097,NULL,4454753,Tristanvdb,2020-12-21,US,37,5,1545,104,25,iOS
28,471657034,NULL,4454753,Tristanvdb,2020-12-21,US,37,5,1548,104,25,iOS
29,471656140,NULL,1505519,Billionaireclubcollc,2018-05-26,US,8428,3,166688,21807,296,Web
30,471654111,NULL,1505519,Billionaireclubcollc,2018-05-26,US,8428,3,166688,21807,296,Web
31,471653004,Bullish,2841306,DeFi_Wookie,2019-10-04,US,323,19,25134,6752,21,iOS
32,471652208,NULL,1505519,Billionaireclubcollc,2018-05-26,US,8428,3,166688,21807,296,Web
33,471651768,NULL,6308215,GreenOriginInvestment,2022-02-04,US,639,8,11811,836,9,Web
34,471651430,Bullish,5330608,ApTogStr,2021-04-09,US,13,1,675,281,55,iOS
35,471651029,NULL,1555408,STCKPRO,2018-07-24,US,8996,2,938994,51,0,STCK.PRO
36,471650970,NULL,1505519,Billionaireclubcollc,2018-05-26,US,8428,3,166662,21807,296,Web
37,471650611,NULL,1505519,Billionaireclubcollc,2018-05-26,US,8428,3,166721,21808,296,Web
38,471650439,Bullish,3191275,leonleonleon,2020-03-16,US,15,78,666,120,0,Web
39,471650422,NULL,1505519,Billionaireclubcollc,2018-05-26,US,8428,3,166713,21807,296,Web
40,471650274,NULL,2942766,Decrypt,2019-12-01,US,291,362,12101,169,0,Zapier
41,471649899,Bullish,677090,LonelyWithoutPluto,2016-01-26,US,7,8,212,301,23,iOS
42,471648933,NULL,4454753,Tristanvdb,2020-12-21,US,37,5,1545,104,25,iOS
43,471648246,Bullish,4916409,200ProcentTetna,2021-02-08,US,5,10,683,977,299,
44,471647716,Bearish,6358556,rumneychel,2022-02-26,US,19,10,1016,253,15,iOS
45,471647707,NULL,5958191,Crypto_Trapper,2021-10-03,US,26,29,722,4,10,iOS
46,471647598,NULL,4430672,adamj21,2020-12-14,US,57,10,11459,3649,99,
47,471647525,Bullish,1578839,BullnBearTrading,2018-08-16,US,340,15,3644,1854,7,Web
48,471646736,Bearish,6358556,rumneychel,2022-02-26,US,19,10,1012,253,15,iOS
49,471646395,Bearish,6629617,Adamchurch,2022-05-18,US,1,1,281,403,18,
50,471645616,NULL,1946005,Cryptonomia,2019-03-18,US,1282,1,19437,64,13,feed
51,471645471,Bearish,373989,Profit_Maker,2014-07-10,US,678,13,15864,2817,119,Web
52,471644957,NULL,1555408,STCKPRO,2018-07-24,US,8996,2,938892,51,0,STCK.PRO
53,471644939,NULL,2927899,inthewakeofthe,2019-11-21,US,203,108,9603,7332,300,iOS
54,471644835,NULL,4454753,Tristanvdb,2020-12-21,US,37,5,1544,104,25,iOS
55,471644519,NULL,1175273,saltheturtle143,2017-08-31,US,24,67,629,170,277,
56,471643902,NULL,296805,TalkMarkets,2014-01-05,US,29868,340,315790,529,0,TalkMarkets
57,471643804,NULL,6308215,GreenOriginInvestment,2022-02-04,US,636,8,11784,836,9,Web
58,471642668,Bullish,6695439,AtariFan,2022-06-15,NULL,7,7,227,59,3,Web
59,471642545,Bullish,617819,BlueSkiesTrader,2015-10-19,US,12,16,1082,1454,42,
60,471641382,NULL,1555408,STCKPRO,2018-07-24,US,8995,2,938831,51,0,STCK.PRO
61,471641352,NULL,6734696,BidensSafetyHelmet,2022-07-08,NULL,2,0,169,70,7,iOS
62,471641162,NULL,6702194,LiveLucky9,2022-06-19,NULL,2,2,327,88,52,Web
63,471640480,NULL,6617708,VictoriaPotter,2022-05-14,US,0,0,6,0,0,Web
64,471640171,NULL,5958191,Crypto_Trapper,2021-10-03,US,26,29,720,4,10,iOS
65,471640167,NULL,2111912,Buy_or_Bust,2019-05-30,US,24,4,2262,3228,5,iOS
66,471639856,NULL,1555408,STCKPRO,2018-07-24,US,8995,2,938801,51,0,STCK.PRO
67,471639820,NULL,6321657,CROWHALE,2022-02-10,US,7,0,184,6,38,
68,471638803,Bullish,6609203,Cryptoovercash,2022-05-11,US,0,0,21,11,0,Web
69,471638673,Bullish,6367478,TruthFinders1,2022-03-03,US,3,1,173,138,3,iOS
70,471638138,Bullish,6641050,blackeagle7,2022-05-24,US,7,5,365,13929,11,
71,471638057,Bullish,6730405,John88888888,2022-07-05,CA,0,5,47,10,3,iOS
72,471637961,NULL,6738964,lisapeterson12,2022-07-10,US,5,65,9,35,5,
73,471637932,Bullish,5403294,UnstopaBull,2021-04-27,US,19,2,1793,619,20,iOS
74,471637554,Bullish,6730405,John88888888,2022-07-05,CA,0,5,49,10,3,iOS
75,471637053,Bullish,6574716,cryptoforecast,2022-04-26,US,39,49,1632,4844,65,
76,471637029,Bullish,6574716,cryptoforecast,2022-04-26,US,39,49,1632,4844,65,
77,471636980,NULL,4831400,Azir83,2021-02-02,US,34,1,5068,1304,146,
78,471636900,NULL,2942766,Decrypt,2019-12-01,US,291,362,12097,169,0,Zapier
79,471636737,NULL,3329758,Andrewfritzen01,2020-04-19,US,229,56,14669,13293,299,iOS
80,471636652,NULL,6574716,cryptoforecast,2022-04-26,US,39,49,1632,4863,65,
81,471636332,Bearish,6722433,SPY_trades69,2022-07-01,NULL,1,2,85,45,6,iOS
82,471636022,Bullish,295685,mikelmahoo,2014-01-02,US,13,4,1189,343,88,Web
83,471635930,NULL,3100807,Devblades28,2020-02-16,US,62,52,1545,912,299,
84,471635677,NULL,411858,ospreyeye,2014-10-14,US,33340,138,35863,955,291,
85,471635120,Bearish,6122093,NotFinancialAdvice007,2021-11-22,US,5,0,677,0,0,iOS
86,471634253,Bearish,1996081,TheyCmeTrollin,2019-04-09,US,4,7,713,461,9,
87,471634248,NULL,4988555,Shamani,2021-02-11,US,3,33,187,94,61,Web
88,471633941,Bullish,4501991,Lionseer,2021-01-01,US,33,22,3214,4108,74,iOS
89,471633916,NULL,1555408,STCKPRO,2018-07-24,US,8995,2,938778,51,0,STCK.PRO
90,471633743,Bearish,5447254,Market_Bear_king,2021-05-08,US,13,7,580,374,0,Web
91,471633724,Bullish,6252585,FullDegenerate,2022-01-13,US,17,3,1404,346,11,iOS
92,471633147,Bearish,6689417,TraderDude69,2022-06-10,US,14,1,1483,6427,15,iOS
93,471633075,NULL,2942766,Decrypt,2019-12-01,US,291,362,12096,169,0,Zapier
94,471632976,Bullish,344583,RobertFrost,2014-04-19,US,9,60,429,176,1,
95,471632517,NULL,411858,ospreyeye,2014-10-14,US,33338,138,35847,954,291,
96,471632472,Bullish,6730405,John88888888,2022-07-05,CA,0,5,45,10,3,iOS
97,471632279,Bullish,4738591,msukfan,2021-01-28,US,4,4,569,1196,8,iOS
98,471632023,NULL,6285418,SayLetsGoBrandon,2022-01-27,US,25,4,1163,4269,3,iOS
99,471631873,Bullish,344583,RobertFrost,2014-04-19,US,9,60,427,176,1,
100,471631565,NULL,1452137,Rogue80,2018-03-22,US,495,208,15393,12543,85,
101,471631477,NULL,4725642,JaneDoe000,2021-01-27,US,93,13,8918,7726,103,iOS
102,471631351,NULL,6285418,SayLetsGoBrandon,2022-01-27,US,25,4,1163,4264,3,iOS
103,471630986,Bullish,6730405,John88888888,2022-07-05,CA,0,5,45,9,3,iOS
104,471630670,Bullish,2841306,DeFi_Wookie,2019-10-04,US,323,19,25132,6751,21,iOS
105,471630395,NULL,3017711,Silverfox89,2020-01-09,US,20,21,967,832,160,iOS
106,471629781,Bullish,6730405,John88888888,2022-07-05,CA,0,5,49,10,3,iOS
107,471629571,Bullish,2841306,DeFi_Wookie,2019-10-04,US,323,19,25128,6751,21,iOS
108,471629561,NULL,411858,ospreyeye,2014-10-14,US,33338,138,35838,952,291,
109,471629116,Bullish,3055465,ItIsPennywise,2020-01-26,US,25,0,1021,399,15,iOS
110,471628908,NULL,1539027,TraderLeibniz,2018-07-05,US,1310,115,76850,57540,214,Web
111,471628848,Bullish,2841306,DeFi_Wookie,2019-10-04,US,323,19,25128,6750,21,iOS
112,471628838,NULL,1539027,TraderLeibniz,2018-07-05,US,1313,115,76850,57540,214,Web
113,471628807,NULL,1539027,TraderLeibniz,2018-07-05,US,1313,115,76850,57540,214,Web
114,471628727,NULL,6730405,John88888888,2022-07-05,CA,0,5,45,9,3,iOS
115,471628616,Bearish,4992123,TheAnxiousJourney,2021-02-11,US,48,2,8731,1880,20,
116,471628412,Bullish,6628717,BoosterG,2022-05-18,US,4,1,42,25,13,Web
117,471627746,NULL,5982177,Jnb410,2021-10-13,US,25,4,3002,931,2,iOS
118,471627461,Bearish,90095,CUPandHANDLE_CHARTS,2011-07-03,US,8684,1724,6475,6053,86,iOS
119,471627258,NULL,2942766,Decrypt,2019-12-01,US,291,362,12093,169,0,Zapier
120,471623483,NULL,1555408,STCKPRO,2018-07-24,US,8995,2,938778,51,0,STCK.PRO
121,471622758,Bullish,3116080,Actionbronson,2020-02-22,US,765,976,15952,37512,88,Web
122,471622299,NULL,6560655,TradingMainCast,2022-04-19,US,40,0,706,728,0,Web
123,471621958,Bearish,6644603,nvhideout,2022-05-25,US,1,8,27,3,0,
124,471621725,Bullish,1158084,GodiTwits,2017-08-16,US,2235,6,24064,12120,298,iOS
125,471621598,Bullish,3501011,RagingBull4444,2020-05-24,US,119,133,5873,3850,34,iOS
126,471621565,NULL,3408882,dreamchasers,2020-05-05,US,63,11,5314,3479,4,Web
127,471621564,Bullish,4321107,Achayan,2020-11-20,US,63,30,2966,893,74,
128,471621159,NULL,665944,Pinko,2016-01-07,US,290,129,16459,986,53,Web
129,471620887,NULL,6357905,CrateCrimes,2022-02-26,US,0,1,30,14,8,iOS
130,471620833,NULL,1125085,Conflitm749,2017-07-14,US,94,86,6242,8293,35,
131,471620607,Bullish,5355040,FlyestFly,2021-04-16,US,6,1,782,344,8,iOS
132,471620300,Bullish,4083890,AtomicApe,2020-09-18,US,53,87,4668,4098,4,iOS
133,471618650,NULL,1555408,STCKPRO,2018-07-24,US,8991,2,938705,51,0,STCK.PRO
134,471618603,NULL,1791322,oldswedebich,2019-01-03,US,11,6,1383,946,9,iOS
135,471618393,NULL,3490897,Rainmakerdricks,2020-05-21,US,27,16,4934,2551,23,Web
136,471617254,Bearish,3308135,Tly1124,2020-04-14,US,19,177,897,2938,219,
137,471617204,Bullish,3872468,wha1e,2020-07-29,US,1664,16,15318,14534,8,iOS
138,471616456,NULL,6308215,GreenOriginInvestment,2022-02-04,US,639,8,11782,835,9,Web
139,471616343,Bearish,6193028,LuckyLicks333,2021-12-21,US,7,0,740,104,52,iOS
140,471615944,NULL,90095,CUPandHANDLE_CHARTS,2011-07-03,US,8684,1725,6475,6052,86,iOS
141,471615908,NULL,391,jackdamn,2009-09-01,US,92746,1,40799,3333,1,Web
142,471615718,Bullish,3688898,marketp,2020-06-25,US,195,44,5118,10658,283,iOS
143,471615163,NULL,873025,GordonGekko888,2016-11-05,US,3904,9,50558,30215,0,Web
144,471614319,Bullish,6191650,THE_MANTIS,2021-12-21,US,118,134,5981,19683,38,
145,471614164,Bullish,5295994,DigitalDataNomad,2021-03-29,US,352,168,16229,18500,19,Web
146,471613741,NULL,1555408,STCKPRO,2018-07-24,US,8991,2,938713,51,0,STCK.PRO
147,471613653,NULL,391,jackdamn,2009-09-01,US,92746,1,40799,3333,1,Web
148,471613629,NULL,251501,MetaAnalysis,2013-08-11,US,1672,94,11815,2045,292,iOS
149,471613369,NULL,4744627,JavierAyala,2021-01-28,US,236,23,8595,817,12,iOS
150,471613323,Bullish,3446598,DFWxplorer,2020-05-13,US,188,65,7130,91582,44,iOS
151,471613113,NULL,3294967,Judy11,2020-04-11,US,116,10,19603,2409,127,iOS
152,471612999,NULL,4346721,BlameBiden,2020-11-26,US,47,0,10796,1246,10,iOS
153,471612740,NULL,551986,CrzyChris5,2015-07-17,US,219,1,9420,1600,16,
154,471612180,Bullish,2109745,ThicccMoney,2019-05-29,US,3,2,342,62,12,iOS
155,471611994,Bullish,5295994,DigitalDataNomad,2021-03-29,US,352,168,16229,18500,19,Web
156,471611438,NULL,768775,Age_of_Aquarius,2016-06-08,US,368,8,20532,9148,16,iOS
157,471611218,NULL,3265366,A76er76er,2020-04-03,US,85,20,6067,2456,1,Web
158,471611187,NULL,324553,AlienOvichO,2014-03-05,US,585,58,7189,95,1,Web
159,471611164,Bullish,1319559,WallStCrook,2017-12-16,US,204,10,3373,1747,67,iOS
160,471611155,NULL,3975552,Honeycombz11,2020-08-19,US,69,9,4626,3247,46,Web
161,471610424,Bullish,4327529,Hometokenguy,2020-11-22,US,13,39,636,469,34,
162,471609943,Bullish,1228361,CryptoTraderForLife,2017-10-16,US,29,24,2284,6304,90,iOS
163,471609871,Bullish,4815955,bradenstocks12,2021-02-01,US,16,44,1632,2395,69,iOS
164,471609807,NULL,1505519,Billionaireclubcollc,2018-05-26,US,8428,3,166677,21807,296,Web
165,471609804,Bullish,1158084,GodiTwits,2017-08-16,US,2235,6,24064,12120,298,iOS
166,471609754,Bearish,5447254,Market_Bear_king,2021-05-08,US,13,7,574,374,0,Web
167,471609442,NULL,6033173,srynotsry,2021-10-27,US,5,9,968,865,16,
168,471609372,Bullish,2234434,MahketMaka,2019-07-31,US,136,29,12189,12889,41,
169,471608922,NULL,4986536,MikeHockInbahls,2021-02-11,US,127,84,7203,19745,71,
170,471608571,Bullish,6308215,GreenOriginInvestment,2022-02-04,US,639,8,11776,835,9,Web
171,471608520,Bullish,6730405,John88888888,2022-07-05,CA,0,5,45,7,3,Web
172,471608442,NULL,6308215,GreenOriginInvestment,2022-02-04,US,639,8,11776,835,9,Web
173,471608105,Bullish,432939,stockydave22,2014-12-05,US,141,96,21657,187,57,
174,471608007,Bullish,5211086,PepeFrog,2021-03-09,US,9,8,1091,957,0,Web
175,471607983,NULL,1555408,STCKPRO,2018-07-24,US,8991,2,938682,51,0,STCK.PRO
176,471607923,Bearish,6005288,Ethman1994,2021-10-21,US,8,0,1467,40,0,Web
177,471607511,NULL,30669,patrickrooney,2010-11-28,US,2046,916,5099,682,36,iOS
178,471607482,NULL,2894172,Jjw2019,2019-11-01,US,3,29,413,11,26,iOS
179,471607414,NULL,1007119,ShartMarket,2017-03-24,US,4,62,400,74,41,
180,471607409,Bearish,2877121,johnjohn555,2019-10-22,US,5,180,686,1185,14,
181,471607317,Bullish,6730405,John88888888,2022-07-05,CA,0,6,36,7,3,Web
182,471607173,NULL,459276,PaidBashar,2015-02-03,US,57,9,7925,354,28,
183,471606745,NULL,2793314,The_Perfect_Wave,2019-09-05,US,5046,4,39499,11572,1,
184,471606423,Bullish,6730405,John88888888,2022-07-05,CA,0,6,36,7,3,Web
185,471606274,NULL,3408882,dreamchasers,2020-05-05,US,63,11,5311,3477,4,Web
186,471605757,NULL,2793314,The_Perfect_Wave,2019-09-05,US,5046,4,39499,11570,1,
187,471605653,NULL,4303359,Bearswin2,2020-11-14,US,68,10,5765,380,91,
188,471605445,Bullish,5330608,ApTogStr,2021-04-09,US,13,1,672,278,55,iOS
189,471605277,Bullish,2841306,DeFi_Wookie,2019-10-04,US,323,19,25123,6749,21,iOS
190,471605014,Bullish,6641050,blackeagle7,2022-05-24,US,7,5,353,13866,11,
191,471604878,NULL,101035,ShowMeTheMoney1001,2011-08-16,US,74,32,2638,1626,21,iOS
192,471604853,NULL,6702194,LiveLucky9,2022-06-19,NULL,2,2,322,85,52,iOS
193,471604641,Bullish,115915,Chark,2011-11-04,US,2442,94,43755,5546,286,Web
194,471604463,NULL,6189709,JudgeAnderson,2021-12-20,US,10,0,213,41,4,Web
195,471604424,Bullish,6730405,John88888888,2022-07-05,CA,0,6,36,7,3,Web
196,471604346,NULL,459276,PaidBashar,2015-02-03,US,57,9,7925,354,28,
197,471604264,NULL,172708,KRowland,2012-07-31,US,6,17,171,31,59,iOS
198,471604219,NULL,5958191,Crypto_Trapper,2021-10-03,US,26,29,714,4,9,iOS
199,471604194,NULL,6730405,John88888888,2022-07-05,CA,0,6,36,7,3,Web
200,471603982,NULL,4346721,BlameBiden,2020-11-26,US,47,0,10795,1246,10,iOS
201,471603749,NULL,6119988,MoneyMayne12,2021-11-21,US,12,20,1998,14357,44,iOS
202,471603391,NULL,1505519,Billionaireclubcollc,2018-05-26,US,8428,3,166677,21807,296,Web
203,471602943,NULL,254176,tuningin,2013-08-18,US,31,28,6058,5407,24,iOS
204,471602429,NULL,1280873,rich54,2017-11-24,US,7,66,666,297,68,iOS
205,471602347,Bullish,2841306,DeFi_Wookie,2019-10-04,US,323,19,25128,6749,21,iOS
206,471602154,NULL,1555408,STCKPRO,2018-07-24,US,8991,2,938643,51,0,STCK.PRO
207,471602106,Bullish,4815955,bradenstocks12,2021-02-01,US,16,44,1632,2395,69,iOS
208,471601871,Bullish,299240,bigwhalealert,2014-01-10,US,451,7,106786,4051,102,Web
209,471600095,NULL,1505519,Billionaireclubcollc,2018-05-26,US,8428,3,166677,21807,296,Web
210,471598473,NULL,1505519,Billionaireclubcollc,2018-05-26,US,8428,3,166677,21807,296,Web
211,471598013,NULL,1505519,Billionaireclubcollc,2018-05-26,US,8428,3,166677,21807,296,Web
212,471597511,NULL,4116130,KM2020,2020-09-28,US,8,46,159,491,7,iOS
213,471597222,NULL,1505519,Billionaireclubcollc,2018-05-26,US,8428,3,166652,21807,296,Web
214,471596663,Bullish,6723414,__SuNdAyGrAvY__,2022-07-01,NULL,5,0,330,178,0,Web
215,471594252,Bearish,90095,CUPandHANDLE_CHARTS,2011-07-03,US,8687,1725,6473,6051,86,iOS
216,471593370,NULL,2026416,BagmanBurns,2019-04-22,US,41,6,2599,165,24,iOS
217,471592929,NULL,1555408,STCKPRO,2018-07-24,US,8992,2,938594,51,0,STCK.PRO
218,471592180,NULL,2151386,jooshpak,2019-06-20,US,5,1,448,320,22,Web
219,471591669,Bullish,5295994,DigitalDataNomad,2021-03-29,US,352,168,16224,18499,19,Web
220,471591631,NULL,2942766,Decrypt,2019-12-01,US,291,362,12092,169,0,Zapier
221,471590355,NULL,1505519,Billionaireclubcollc,2018-05-26,US,8431,3,166616,21807,296,Web
222,471590024,NULL,4674841,Paulrc123,2021-01-24,US,4,6,1093,1463,15,iOS
223,471589334,Bullish,2841306,DeFi_Wookie,2019-10-04,US,323,19,25121,6747,21,iOS
224,471588804,Bullish,6356185,itradeai,2022-02-25,US,57,26,380,51,46,Web
225,471588249,NULL,5106791,Joshua123467,2021-02-22,US,3,7,706,96,23,iOS
226,471587888,Bearish,6356187,Stonkchaser7,2022-02-25,US,8,4,2105,2804,15,Web
227,471587808,NULL,4686630,TheFallofAdam,2021-01-25,US,120,25,8188,17448,3,iOS
228,471587596,NULL,1505519,Billionaireclubcollc,2018-05-26,US,8430,3,166616,21807,296,Web
229,471587298,NULL,1505519,Billionaireclubcollc,2018-05-26,US,8430,3,166616,21807,296,Web
230,471586988,Bullish,673587,whodunnit1,2016-01-20,US,113,93,7959,4276,41,Web
231,471586459,NULL,1658247,PREMIUM4SELL,2018-10-12,US,86,10,2731,794,63,iOS
232,471583313,NULL,296805,TalkMarkets,2014-01-05,US,29868,340,315775,529,0,TalkMarkets
233,471582970,NULL,5587624,dontalwaysbuythedip,2021-06-11,US,9,10,763,590,32,iOS
234,471582199,NULL,1505519,Billionaireclubcollc,2018-05-26,US,8430,3,166591,21807,296,Web
235,471581737,NULL,1505519,Billionaireclubcollc,2018-05-26,US,8430,3,166616,21807,296,Web
236,471581026,Bullish,6723414,__SuNdAyGrAvY__,2022-07-01,NULL,5,0,306,170,0,Web
237,471580882,Bullish,5295994,DigitalDataNomad,2021-03-29,US,352,168,16224,18499,19,Web
238,471580778,NULL,768775,Age_of_Aquarius,2016-06-08,US,368,8,20528,9148,16,iOS
239,471580234,NULL,3879527,andytradez,2020-07-30,US,3,2,545,171,27,iOS
240,471579751,NULL,1505519,Billionaireclubcollc,2018-05-26,US,8429,3,166591,21807,296,Web
241,471579714,NULL,5414477,TILLYWISE,2021-04-30,US,52,5,6059,2712,65,
242,471579641,Bullish,1870449,9owls,2019-02-14,US,109,4,12191,1106,22,Web
243,471579018,NULL,7108,Benzinga,2009-12-04,US,286459,531,126913,122,6,Web
244,471578898,NULL,1505519,Billionaireclubcollc,2018-05-26,US,8430,3,166616,21807,296,Web
245,471576340,Bullish,5295994,DigitalDataNomad,2021-03-29,US,352,168,16220,18499,19,Web
246,471575467,Bullish,5195042,tomhdk,2021-03-05,US,33,0,4132,661,25,
247,471574587,NULL,4346721,BlameBiden,2020-11-26,US,47,0,10773,1246,10,iOS
248,471574018,NULL,1505519,Billionaireclubcollc,2018-05-26,US,8430,3,166616,21807,296,Web
249,471572853,Bullish,1870449,9owls,2019-02-14,US,109,4,12185,1106,22,Web
250,471572283,Bearish,6229183,OldmanSachss,2022-01-05,US,31,6,2032,894,17,
251,471570579,NULL,907279,bobsizzla,2016-12-21,US,104,71,27705,2156,5,iOS
252,471569139,Bearish,4916409,200ProcentTetna,2021-02-08,US,5,10,680,965,299,
253,471568920,NULL,1505519,Billionaireclubcollc,2018-05-26,US,8426,3,166591,21807,296,Web
254,471568050,NULL,5958191,Crypto_Trapper,2021-10-03,US,26,29,713,4,9,iOS
255,471567938,NULL,3265366,A76er76er,2020-04-03,US,85,20,6066,2455,1,Web
256,471567042,NULL,1505519,Billionaireclubcollc,2018-05-26,US,8426,3,166570,21807,296,Web
257,471565944,NULL,1505519,Billionaireclubcollc,2018-05-26,US,8426,3,166570,21807,296,Web
258,471565273,NULL,6573628,Negar_KZ,2022-04-25,US,1,2,16,50,1,iOS
259,471564677,Bullish,6723414,__SuNdAyGrAvY__,2022-07-01,NULL,5,0,295,161,0,Web
260,471564629,Bullish,6723414,__SuNdAyGrAvY__,2022-07-01,NULL,5,0,295,161,0,Web
261,471563786,NULL,1555408,STCKPRO,2018-07-24,US,8992,2,938427,51,0,STCK.PRO
262,471563294,NULL,2026515,Byhiselo,2019-04-22,US,116,11,5493,3653,51,Web
263,471561492,Bearish,6229183,OldmanSachss,2022-01-05,US,31,6,2023,893,17,
264,471558976,Bearish,4410541,PaMpY_DaMpY,2020-12-10,US,4,0,1519,935,13,
265,471557861,Bullish,6654585,Triquetraunity,2022-05-30,US,4,0,501,125,8,iOS
266,471556856,NULL,1505519,Billionaireclubcollc,2018-05-26,US,8426,3,166591,21807,296,Web
267,471556733,Bullish,6310221,SheebOshi,2022-02-05,US,13,42,79,120,6,iOS
268,471554632,NULL,1505519,Billionaireclubcollc,2018-05-26,US,8426,3,166570,21807,296,Web
269,471554599,Bearish,836166,jmoney091,2016-09-07,US,202,56,6073,3373,56,iOS
270,471554500,Bullish,6646171,ali_178,2022-05-26,US,13,7,151,144,9,
271,471554385,Bullish,6730405,John88888888,2022-07-05,CA,0,6,33,6,3,iOS
272,471553518,Bullish,6641050,blackeagle7,2022-05-24,US,7,5,346,13862,11,
273,471552675,NULL,6630620,vibrant,2022-05-18,US,2,2,71,11,0,Web
274,471551349,Bullish,3268978,WilliamNextLvl,2020-04-05,US,122,15,3910,8181,23,
275,471551206,Bullish,5513609,TONY_APE_MONTANA,2021-05-26,US,67,46,2046,2385,10,iOS
276,471550992,NULL,2793314,The_Perfect_Wave,2019-09-05,US,5043,4,39478,11568,1,
277,471550732,NULL,5112311,e_x_p_i_r_e,2021-02-22,US,14,7,1571,2682,10,Web
278,471550467,Bullish,2111912,Buy_or_Bust,2019-05-30,US,24,4,2260,3228,5,iOS
279,471549130,NULL,6730405,John88888888,2022-07-05,CA,0,6,33,6,3,iOS
280,471548829,NULL,5958191,Crypto_Trapper,2021-10-03,US,26,29,710,4,9,iOS
281,471548382,NULL,3731556,RockCharmer,2020-07-03,US,1,1,415,482,25,iOS
282,471547949,Bullish,3638685,FRONT,2020-06-17,US,394,53,3206,2186,24,iOS
283,471546704,Bullish,6730405,John88888888,2022-07-05,CA,0,6,33,6,3,iOS
284,471546626,Bullish,446983,1st1MM,2015-01-08,US,3,72,324,714,14,
285,471545632,Bullish,1870449,9owls,2019-02-14,US,109,4,12184,1106,22,Web
286,471545209,NULL,6740676,MelonballInvests,2022-07-12,US,0,0,39,13,2,iOS
287,471544760,Bullish,6734493,dyizmil,2022-07-07,US,0,0,14,5,13,
288,471544008,Bullish,3446598,DFWxplorer,2020-05-13,US,189,66,7130,91259,43,iOS
289,471543708,NULL,3727754,Pilliam,2020-07-02,US,56,3,3148,3977,10,Web
290,471542906,NULL,515715,Trader_Jatt,2015-05-10,US,27,97,1124,2085,52,
291,471542884,NULL,4810379,TheArmchairEconomist,2021-01-31,US,2,5,158,89,28,
292,471542561,Bullish,6723414,__SuNdAyGrAvY__,2022-07-01,NULL,5,0,275,159,0,Web
293,471542015,NULL,5958191,Crypto_Trapper,2021-10-03,US,26,29,710,4,9,iOS
294,471541301,Bullish,299240,bigwhalealert,2014-01-10,US,448,7,106719,4051,102,Web
295,471540730,Bullish,1870449,9owls,2019-02-14,US,109,4,12184,1106,22,Web
296,471540531,NULL,768775,Age_of_Aquarius,2016-06-08,US,368,8,20532,9149,16,iOS
297,471540312,NULL,1678245,Trader07x,2018-10-24,US,181,29,9156,38855,97,Web
298,471540299,Bullish,3606946,CaptnSendy,2020-06-11,US,4,6,344,229,16,iOS
299,471539144,Bullish,6723414,__SuNdAyGrAvY__,2022-07-01,NULL,5,0,306,166,0,Web
300,471538522,Bullish,6032407,Planetarywisdom,2021-10-27,US,28,1,4712,1588,4,iOS
301,471537519,Bullish,6730405,John88888888,2022-07-05,CA,0,6,29,5,3,iOS
302,471536983,NULL,3844927,HALIMTHEBULL,2020-07-24,US,10,5,691,60,6,iOS
303,471535754,Bullish,2925211,Patty123,2019-11-20,US,36,8,2240,721,44,
304,471535362,Bullish,3501751,bighaas,2020-05-25,US,985,397,48586,18950,5,iOS
305,471535132,NULL,1263138,RGeek,2017-11-10,US,626,386,23419,4872,193,iOS
306,471535126,Bullish,1227209,BitBlaster,2017-10-14,US,14,7,1199,1120,17,iOS
307,471534734,Bullish,6743474,FreshHypePicks,2022-07-13,NULL,8,6,6,23,0,Web
308,471534229,NULL,1555408,STCKPRO,2018-07-24,US,8992,2,938427,51,0,STCK.PRO
309,471533689,Bullish,6662649,ethereumking999,2022-06-01,US,3,3,509,462,25,
310,471533006,NULL,3902238,Pitbullbearista,2020-08-04,US,257,48,21412,13073,83,iOS
311,471532791,NULL,434891,ChartGuysDan,2014-12-11,US,20162,738,17952,2782,8,Web
312,471532340,Bearish,6005288,Ethman1994,2021-10-21,US,8,0,1444,38,0,Web
313,471532282,Bearish,3870359,StarshipTrooper,2020-07-29,US,114,7,6503,2046,4,Web
314,471531850,NULL,254176,tuningin,2013-08-18,US,31,28,6053,5397,24,iOS
315,471531837,NULL,2987224,SqueezyMotoInvesting,2019-12-26,US,8363,1,13607,4052,292,iOS
316,471531624,Bullish,6730405,John88888888,2022-07-05,CA,0,4,29,5,3,iOS
317,471531581,Bullish,1563555,Curiousking,2018-08-02,US,43,250,3797,8633,168,iOS
318,471530494,NULL,4060351,Reddollars456,2020-09-09,US,21,11,2661,606,28,
319,471527659,NULL,2793314,The_Perfect_Wave,2019-09-05,US,5045,4,39440,11562,1,
320,471527569,Bullish,6730405,John88888888,2022-07-05,CA,0,4,29,5,3,iOS
321,471527416,Bullish,2925211,Patty123,2019-11-20,US,36,8,2235,720,44,
322,471526502,Bullish,1870449,9owls,2019-02-14,US,109,4,12181,1106,22,Web
323,471526055,Bullish,6743474,FreshHypePicks,2022-07-13,NULL,8,6,6,23,0,Web
324,471526036,Bearish,6005288,Ethman1994,2021-10-21,US,8,0,1444,38,0,Web
325,471525683,NULL,2793314,The_Perfect_Wave,2019-09-05,US,5045,4,39440,11560,1,
326,471525403,NULL,6193028,LuckyLicks333,2021-12-21,US,7,0,727,102,51,iOS
327,471524854,NULL,4303359,Bearswin2,2020-11-14,US,68,10,5731,377,91,
328,471524655,NULL,1505519,Billionaireclubcollc,2018-05-26,US,8425,3,166541,21807,296,Web
329,471523753,NULL,6312365,heathstettler,2022-02-07,US,0,0,34,32,1,iOS
330,471523694,Bearish,4992123,TheAnxiousJourney,2021-02-11,US,48,2,8726,1877,20,
331,471523276,NULL,1555408,STCKPRO,2018-07-24,US,8992,2,938262,51,0,STCK.PRO
332,471522374,Bullish,2841306,DeFi_Wookie,2019-10-04,US,323,19,25114,6747,21,iOS
333,471521505,Bullish,6723844,Mbagbrown,2022-07-01,NULL,0,0,10,128,0,Web
334,471521434,Bullish,6743424,JoelCrummer1,2022-07-13,NULL,0,0,1,0,0,Web
335,471521188,NULL,1505519,Billionaireclubcollc,2018-05-26,US,8425,3,166541,21807,296,Web
336,471520908,NULL,1505519,Billionaireclubcollc,2018-05-26,US,8425,3,166541,21807,296,Web
337,471520858,Bullish,2971931,Erick809,2019-12-17,US,94,1,4426,1563,92,
338,471520238,NULL,1505519,Billionaireclubcollc,2018-05-26,US,8425,3,166541,21807,296,Web
339,471520206,Bullish,4605175,bullishlongterm,2021-01-15,US,26,6,2458,6954,29,iOS
340,471520075,Bullish,6730405,John88888888,2022-07-05,CA,0,4,24,5,3,iOS
341,471520021,NULL,5112311,e_x_p_i_r_e,2021-02-22,US,14,7,1569,2681,10,Web
342,471520004,NULL,6604088,GemTexan,2022-05-09,US,7,7,1146,151,11,Web
343,471519967,Bullish,4414643,Penny_Cruncher,2020-12-10,US,68,5,8432,4195,31,iOS
344,471519853,NULL,6033173,srynotsry,2021-10-27,US,5,9,967,865,16,
345,471519415,Bullish,6730405,John88888888,2022-07-05,CA,0,4,24,5,3,iOS
346,471519334,NULL,6604088,GemTexan,2022-05-09,US,7,7,1142,151,11,Web
347,471519149,NULL,1505519,Billionaireclubcollc,2018-05-26,US,8425,3,166541,21807,296,Web
348,471518767,Bullish,5753688,moonphase111,2021-07-23,US,0,2,901,487,25,iOS
349,471518551,NULL,3975552,Honeycombz11,2020-08-19,US,70,9,4624,3246,46,Web
350,471518263,NULL,1505519,Billionaireclubcollc,2018-05-26,US,8425,3,166517,21807,296,Web
351,471517744,Bullish,6730405,John88888888,2022-07-05,CA,0,4,24,5,3,iOS
352,471515554,NULL,1505519,Billionaireclubcollc,2018-05-26,US,8425,3,166517,21807,296,Web
353,471514433,Bullish,2841306,DeFi_Wookie,2019-10-04,US,323,19,25114,6747,21,iOS
354,471513229,NULL,191284,ChristmasStocking,2012-10-25,US,15,33,1604,5756,300,Web
355,471513153,Bullish,344583,RobertFrost,2014-04-19,US,9,60,426,176,1,
356,471511346,Bullish,6730405,John88888888,2022-07-05,CA,0,4,24,5,3,iOS
357,471510771,NULL,1555408,STCKPRO,2018-07-24,US,8992,2,938129,51,0,STCK.PRO
358,471510545,Bullish,6684295,FarSight_EV2,2022-06-08,US,8,11,673,1440,12,
359,471509454,NULL,1505519,Billionaireclubcollc,2018-05-26,US,8426,3,166570,21807,296,Web
360,471509269,Bullish,2841306,DeFi_Wookie,2019-10-04,US,323,19,25114,6747,21,iOS
361,471509138,Bullish,6730405,John88888888,2022-07-05,CA,0,4,24,5,3,iOS
362,471507981,Bullish,344583,RobertFrost,2014-04-19,US,9,60,426,176,1,
363,471507549,NULL,738494,Capitalist_Pig_,2016-04-25,US,62,49,2689,3534,6,iOS
364,471507091,Bearish,4992123,TheAnxiousJourney,2021-02-11,US,48,2,8720,1877,20,
365,471506560,Bullish,2942594,HeadOfTheTable,2019-12-01,US,28,11,1712,898,105,
366,471505798,NULL,1505519,Billionaireclubcollc,2018-05-26,US,8425,3,166517,21807,296,Web
367,471505487,NULL,1505519,Billionaireclubcollc,2018-05-26,US,8425,3,166517,21807,296,Web
368,471505011,NULL,2942766,Decrypt,2019-12-01,US,291,362,12088,169,0,Zapier
369,471504937,NULL,4645871,JoeStonkCrusher,2021-01-21,US,47,16,4629,5169,101,iOS
370,471500249,NULL,1555408,STCKPRO,2018-07-24,US,8990,2,938043,51,0,STCK.PRO
371,471499857,Bullish,411344,VegasVixShort,2014-10-13,US,932,27,29639,123056,31,iOS
372,471498811,NULL,316435,Canc4,2014-02-18,US,16,82,3409,1619,102,iOS
373,471498384,NULL,4002890,paintinmanning,2020-08-25,US,10,6,645,771,15,iOS
374,471498158,NULL,6184457,Leonardo_Davinci,2021-12-17,US,582,0,4535,6311,5,iOS
375,471498155,NULL,6396275,angryape12,2022-03-16,US,2,1,1856,1252,4,iOS
376,471498110,NULL,4686630,TheFallofAdam,2021-01-25,US,120,25,8187,17447,3,iOS
377,471497772,NULL,6184457,Leonardo_Davinci,2021-12-17,US,582,0,4535,6311,5,iOS
378,471497747,NULL,6743266,Mineable_io,2022-07-13,GB,0,0,1,0,0,iOS
379,471497183,NULL,3057652,TopStonks,2020-01-27,US,2329,1324,87502,732,2,TopStonks
380,471496374,Bullish,2234434,MahketMaka,2019-07-31,US,134,29,12179,12867,42,
381,471491167,NULL,1505519,Billionaireclubcollc,2018-05-26,US,8425,3,166484,21807,296,Web
382,471489733,NULL,6729305,Ballad_of_Lemmiwinks,2022-07-05,NULL,1,0,169,24,4,iOS
383,471489415,NULL,2942766,Decrypt,2019-12-01,US,291,362,12088,169,0,Zapier
384,471489321,Bullish,344583,RobertFrost,2014-04-19,US,9,60,426,176,1,
385,471488054,NULL,6189709,JudgeAnderson,2021-12-20,US,10,0,212,41,4,Web
386,471487270,NULL,1505519,Billionaireclubcollc,2018-05-26,US,8425,3,166517,21807,296,Web
387,471486948,NULL,1555408,STCKPRO,2018-07-24,US,8991,2,938043,51,0,STCK.PRO
388,471486765,NULL,5958191,Crypto_Trapper,2021-10-03,US,26,29,709,4,9,iOS
389,471485918,Bullish,3835328,Stormdk24,2020-07-22,US,66,18,6320,1715,107,iOS
390,471483769,Bullish,2109745,ThicccMoney,2019-05-29,US,3,2,341,62,12,iOS
391,471482045,NULL,254176,tuningin,2013-08-18,US,31,28,6051,5396,24,iOS
392,471481548,NULL,6396534,_Inv3stor_,2022-03-16,US,2,2,254,287,12,Web
393,471481013,Bullish,6640528,Trak_stocks,2022-05-24,US,2,0,8,1,9,Web
394,471480117,Bullish,4414643,Penny_Cruncher,2020-12-10,US,68,5,8428,4195,31,iOS
395,471478961,Bullish,6312365,heathstettler,2022-02-07,US,0,0,33,32,1,iOS
396,471477749,Bullish,5724058,Villen617Bos,2021-07-14,US,48,9,2715,3936,35,
397,471476732,NULL,3016665,Funding1985,2020-01-09,US,6,18,764,776,21,iOS
398,471476229,Bearish,6727307,Btc_to_100k,2022-07-04,NULL,3,2,297,11,9,iOS
399,471475937,NULL,903748,stockstalker41,2016-12-16,US,52,77,5560,8394,6,iOS
400,471475102,NULL,3297959,Prescobiz,2020-04-12,US,0,2,844,273,37,iOS
401,471474982,NULL,1505519,Billionaireclubcollc,2018-05-26,US,8425,3,166473,21807,296,Web
402,471474599,NULL,4004495,Jrizzlemoney,2020-08-26,US,15,70,909,515,19,Web
403,471473555,NULL,623384,scscsc,2015-10-28,US,11,60,4069,1195,86,
404,471473207,Bearish,3066439,hunterbidenscrack,2020-01-31,US,29,18,5144,3244,58,
405,471470714,NULL,1555408,STCKPRO,2018-07-24,US,8991,2,938043,51,0,STCK.PRO
406,471470290,Bullish,4899396,SmackerKisses,2021-02-06,US,100,171,5093,23293,300,
407,471469774,Bullish,2234434,MahketMaka,2019-07-31,US,134,29,12179,12868,42,
408,471469345,Bearish,6285418,SayLetsGoBrandon,2022-01-27,US,25,4,1162,4247,3,iOS
409,471468990,Bullish,6317947,JohnBully,2022-02-09,US,31,1,3368,3369,33,Web
410,471468576,NULL,6396534,_Inv3stor_,2022-03-16,US,2,0,254,284,12,Web
411,471467602,NULL,6289096,Deep_Value_Crypto,2022-01-28,US,25,7,1610,1407,34,Web
412,471467454,NULL,1791322,oldswedebich,2019-01-03,US,11,6,1382,944,8,iOS
413,471467290,NULL,6730405,John88888888,2022-07-05,CA,0,4,20,5,3,iOS
414,471466318,NULL,6730405,John88888888,2022-07-05,CA,0,4,20,5,3,iOS
415,471466248,Bearish,5010266,LordDoge,2021-02-13,US,9,21,824,613,14,
416,471465129,NULL,2942766,Decrypt,2019-12-01,US,291,362,12086,169,0,Zapier
417,471464562,Bearish,6526424,Ravelli_01,2022-04-04,US,0,0,34,0,7,iOS
418,471464268,NULL,4585267,Oldmanfranzke,2021-01-13,US,5,0,200,44,14,Web
419,471463712,NULL,1395645,Uchihawallstreet,2018-02-01,US,6,8,591,2445,76,iOS
420,471463512,NULL,1505519,Billionaireclubcollc,2018-05-26,US,8425,3,166473,21807,296,Web
421,471460697,NULL,6005288,Ethman1994,2021-10-21,US,8,0,1425,37,0,Web
422,471460063,NULL,1505519,Billionaireclubcollc,2018-05-26,US,8425,3,166473,21807,296,Web
423,471460009,Bullish,936477,make_it_rain45,2017-01-26,US,12,2,2885,2499,102,
424,471459314,NULL,4303359,Bearswin2,2020-11-14,US,68,10,5715,375,91,
425,471457477,Bearish,6005288,Ethman1994,2021-10-21,US,8,0,1425,37,0,Web
426,471456414,Bearish,617819,BlueSkiesTrader,2015-10-19,US,12,16,1081,1454,42,
427,471455279,NULL,6348380,Jlenny25,2022-02-22,US,0,0,82,15,0,Web
428,471455138,NULL,3457290,trader9912,2020-05-15,US,64,14,2313,2066,102,iOS
429,471454879,NULL,3288007,pojo18,2020-04-09,US,3,4,440,109,25,
430,471454843,NULL,6730405,John88888888,2022-07-05,CA,0,4,20,5,3,iOS
431,471454599,Bullish,3366119,Crypto_Jim,2020-04-27,US,167,29,12152,22325,34,
432,471454354,NULL,1555408,STCKPRO,2018-07-24,US,8990,2,938043,51,0,STCK.PRO
433,471453944,Bearish,6526424,Ravelli_01,2022-04-04,US,0,0,34,0,7,iOS
434,471453753,Bearish,3975552,Honeycombz11,2020-08-19,US,70,9,4619,3246,46,Web
435,471453088,Bullish,3366119,Crypto_Jim,2020-04-27,US,167,29,12152,22325,34,
436,471452128,Bullish,1009986,elitechrisvp,2017-03-28,US,491,137,20524,13857,16,
437,471451653,Bearish,6520230,bearingling,2022-04-01,US,19,20,1741,2400,37,
438,471450941,NULL,6730405,John88888888,2022-07-05,CA,0,4,20,5,3,Web
439,471450824,Bullish,6708231,Darthtrader06,2022-06-23,NULL,0,1,66,204,8,iOS
440,471450748,NULL,4303359,Bearswin2,2020-11-14,US,68,10,5715,374,91,
441,471449790,NULL,4456183,GoldenGoy,2020-12-22,US,42,3,5028,476,14,
442,471448577,Bullish,3490897,Rainmakerdricks,2020-05-21,US,27,16,4922,2546,23,Web
443,471447587,NULL,6289096,Deep_Value_Crypto,2022-01-28,US,25,7,1608,1406,34,Web
444,471447091,NULL,3501751,bighaas,2020-05-25,US,984,395,48501,18918,5,iOS
445,471445443,NULL,3870359,StarshipTrooper,2020-07-29,US,112,7,6508,2047,4,Web
446,471445349,NULL,3501751,bighaas,2020-05-25,US,984,395,48501,18917,5,iOS
447,471444657,Bullish,6708231,Darthtrader06,2022-06-23,NULL,0,1,66,204,8,iOS
448,471444384,NULL,807479,Cameron_Cole,2016-07-29,US,2171,2,12501,74940,163,iOS
449,471441706,Bullish,2234434,MahketMaka,2019-07-31,US,135,29,12228,12912,42,
450,471441204,Bearish,3975552,Honeycombz11,2020-08-19,US,69,9,4629,3253,46,Web
451,471441146,NULL,6358576,mars1stmoonnotneeded,2022-02-26,US,4,2,288,8,12,
452,471441020,NULL,3265366,A76er76er,2020-04-03,US,85,20,6057,2454,1,Web
453,471440839,Bullish,5724812,GrannyDip,2021-07-14,US,126,56,14803,13297,55,iOS
454,471440423,Bullish,5724812,GrannyDip,2021-07-14,US,126,56,14803,13297,55,iOS
455,471439267,Bearish,5854886,with_all_due_respect,2021-08-31,US,28,0,9048,815,30,
456,471438624,NULL,1505519,Billionaireclubcollc,2018-05-26,US,8428,3,166721,21808,296,Web
457,471438585,Bearish,6285418,SayLetsGoBrandon,2022-01-27,US,25,4,1160,4246,3,iOS
458,471437784,NULL,4303359,Bearswin2,2020-11-14,US,68,10,5799,382,91,
459,471437396,NULL,689912,AlertsAndNews,2016-02-17,US,17443,135,24247,2312,1,App
460,471437302,NULL,3268978,WilliamNextLvl,2020-04-05,US,122,15,3913,8184,23,
461,471436341,Bullish,6723414,__SuNdAyGrAvY__,2022-07-01,NULL,5,0,333,181,0,Web
462,471435990,Bearish,6206653,Usagi8,2021-12-28,US,12,12,1723,590,31,Web
463,471435978,NULL,551986,CrzyChris5,2015-07-17,US,218,1,9421,1604,16,
464,471435457,NULL,5806161,Buyhighsellreallow,2021-08-18,US,43,11,7365,1549,53,iOS
465,471435425,NULL,296805,TalkMarkets,2014-01-05,US,29868,340,315812,529,0,TalkMarkets
466,471435045,NULL,4346721,BlameBiden,2020-11-26,US,47,0,10822,1246,10,iOS
467,471434791,NULL,1505519,Billionaireclubcollc,2018-05-26,US,8428,3,166721,21808,296,Web
468,471434727,Bullish,316435,Canc4,2014-02-18,US,16,82,3442,1622,102,iOS
469,471434666,NULL,1739845,drabbish,2018-12-01,US,0,6,61,20,23,iOS
470,471434275,Bearish,3843216,OptionsTrigger,2020-07-23,US,675,0,4879,2951,300,
471,471434249,NULL,3313303,xyz2346,2020-04-16,US,10,18,2566,1169,296,iOS
472,471434241,Bullish,316435,Canc4,2014-02-18,US,16,82,3442,1622,102,iOS
473,471433798,NULL,3501751,bighaas,2020-05-25,US,988,399,48791,19026,5,iOS
474,471433288,NULL,6001693,bcannon18,2021-10-20,US,1,10,14,43,14,iOS
475,471433168,Bullish,6662649,ethereumking999,2022-06-01,US,3,3,509,462,25,
476,471432743,Bearish,6005288,Ethman1994,2021-10-21,US,8,0,1470,40,0,Web
477,471432604,NULL,807479,Cameron_Cole,2016-07-29,US,2168,5,12490,74812,163,iOS
478,471432591,Bearish,4189920,BozosTheClown,2020-10-15,US,17,5,1141,2324,98,iOS
479,471432200,Bearish,1497536,I3lackRose,2018-05-17,US,14,34,4658,1041,29,
480,471432115,NULL,2920540,thingamajig,2019-11-16,US,7,11,193,583,68,
481,471431462,Bearish,4303359,Bearswin2,2020-11-14,US,68,10,5799,382,91,
482,471430737,NULL,4960303,JonnieAwsum,2021-02-10,US,1,0,328,18,3,iOS
483,471430301,Bearish,6005288,Ethman1994,2021-10-21,US,8,0,1470,40,0,Web
484,471430210,Bearish,6005288,Ethman1994,2021-10-21,US,8,0,1470,40,0,Web
485,471430097,Bearish,6697543,Automaton_Type_2b,2022-06-16,US,0,0,58,84,14,
486,471429947,Bearish,6005288,Ethman1994,2021-10-21,US,8,0,1470,40,0,Web
487,471429744,NULL,5062509,_StockDoc_,2021-02-17,US,32,0,10781,4569,37,iOS
488,471429144,NULL,4314912,lusoSpanishTrader,2020-11-18,US,51,9,2568,1672,27,
489,471428687,NULL,5552877,flock_o_bagels,2021-06-04,US,5,1,1262,1467,16,iOS
490,471426856,NULL,4314912,lusoSpanishTrader,2020-11-18,US,51,9,2568,1672,27,
491,471426335,NULL,3265366,A76er76er,2020-04-03,US,85,20,6068,2456,1,Web
492,471426182,Bearish,6692875,kektor757,2022-06-13,NULL,1,0,252,3,0,iOS
493,471425942,Bullish,6723414,__SuNdAyGrAvY__,2022-07-01,NULL,5,0,333,181,0,Web
494,471423958,NULL,4454753,Tristanvdb,2020-12-21,US,38,5,1537,104,25,iOS
495,471423772,Bearish,4303359,Bearswin2,2020-11-14,US,68,10,5799,382,91,
496,471422877,NULL,1555408,STCKPRO,2018-07-24,US,8996,2,939379,51,0,STCK.PRO
497,471421443,NULL,389380,Melvinscousin,2014-08-19,US,79,16,6956,1735,135,iOS
498,471421348,NULL,1007119,ShartMarket,2017-03-24,US,4,62,400,74,41,
499,471421118,NULL,4322969,Jvshuanunez,2020-11-20,US,1,2,152,36,3,iOS
500,471420967,Bullish,6723414,__SuNdAyGrAvY__,2022-07-01,NULL,5,0,333,181,0,Web
501,471420052,Bullish,6723414,__SuNdAyGrAvY__,2022-07-01,NULL,5,0,268,149,0,Web
502,471418806,NULL,4589679,rnaofs,2021-01-14,US,7,0,139,31,8,
503,471418375,Bullish,6662649,ethereumking999,2022-06-01,US,3,3,509,462,25,
504,471416540,NULL,1555408,STCKPRO,2018-07-24,US,8996,2,939136,51,0,STCK.PRO
505,471415939,NULL,6730405,John88888888,2022-07-05,CA,0,5,47,10,3,Web
506,471413977,NULL,296805,TalkMarkets,2014-01-05,US,29868,340,315806,529,0,TalkMarkets
507,471412944,NULL,1505519,Billionaireclubcollc,2018-05-26,US,8428,3,166713,21807,296,Web
508,471412313,Bearish,6270587,TheRealLMGoali,2022-01-21,US,23,2,1607,637,1,iOS
509,471411067,Bullish,6723414,__SuNdAyGrAvY__,2022-07-01,NULL,5,0,268,149,0,Web
510,471410274,NULL,1505519,Billionaireclubcollc,2018-05-26,US,8428,3,166713,21807,296,Web
511,471409834,Bullish,2107079,BigLarko,2019-05-28,US,15,32,1143,268,300,iOS
512,471409728,Bullish,2841306,DeFi_Wookie,2019-10-04,US,321,19,25135,6752,21,iOS
513,471409553,NULL,1505519,Billionaireclubcollc,2018-05-26,US,8428,3,166713,21807,296,Web
514,471409399,Bullish,4538051,MF__DOOM,2021-01-07,US,65,12,1959,1002,173,iOS
515,471409088,Bearish,6005288,Ethman1994,2021-10-21,US,8,0,1470,40,0,Web
516,471408760,NULL,6304997,reachaffaq,2022-02-03,US,2,2,217,5,5,
517,471408317,NULL,6396534,_Inv3stor_,2022-03-16,US,2,1,263,293,12,Web
518,471407657,NULL,1505519,Billionaireclubcollc,2018-05-26,US,8428,3,166713,21807,296,Web
519,471406682,NULL,1555408,STCKPRO,2018-07-24,US,8996,2,939136,51,0,STCK.PRO
520,471406460,NULL,1505519,Billionaireclubcollc,2018-05-26,US,8428,3,166713,21807,296,Web
521,471406423,NULL,1505519,Billionaireclubcollc,2018-05-26,US,8428,3,166713,21807,296,Web
522,471405017,Bullish,5283844,TBoneT,2021-03-25,US,3,2,49,168,9,iOS
523,471404753,Bearish,6005288,Ethman1994,2021-10-21,US,8,0,1470,40,0,Web
524,471404724,Bearish,6005288,Ethman1994,2021-10-21,US,8,0,1470,40,0,Web
525,471404606,NULL,1555408,STCKPRO,2018-07-24,US,8996,2,939136,51,0,STCK.PRO
526,471403246,Bullish,6574716,cryptoforecast,2022-04-26,US,38,49,1648,4863,65,Web
527,471403221,Bullish,6574716,cryptoforecast,2022-04-26,US,38,49,1648,4863,65,Web
528,471403114,NULL,5724058,Villen617Bos,2021-07-14,US,48,9,2719,3939,35,
529,471403089,Bullish,5195042,tomhdk,2021-03-05,US,33,0,4137,661,25,
530,471402915,NULL,1555408,STCKPRO,2018-07-24,US,8992,2,938262,51,0,STCK.PRO
531,471402739,Bullish,6333586,Hamtaro_,2022-02-16,US,43,10,3873,353,146,
532,471402139,NULL,2942766,Decrypt,2019-12-01,US,291,362,12102,169,0,Zapier
533,471402091,Bearish,6358556,rumneychel,2022-02-26,US,19,10,1016,253,15,iOS
534,471401900,NULL,172708,KRowland,2012-07-31,US,6,17,195,32,59,iOS
535,471401703,Bullish,5804501,epromi,2021-08-17,US,2,6,1168,956,50,
536,471401366,Bearish,6005288,Ethman1994,2021-10-21,US,8,0,1470,40,0,Web
537,471401357,NULL,2172518,LordGarda1960,2019-07-01,US,31,4,3924,9910,11,Web
538,471400773,NULL,1555408,STCKPRO,2018-07-24,US,8996,2,939136,51,0,STCK.PRO
539,471400411,Bullish,5429332,Rafc,2021-05-04,US,12,4,637,1650,12,iOS
540,471400104,Bullish,6661760,oaklandlegend,2022-06-01,US,22,34,955,1595,19,
541,471400085,Bearish,4992123,TheAnxiousJourney,2021-02-11,US,48,2,8734,1881,20,
542,471399918,Bearish,4992123,TheAnxiousJourney,2021-02-11,US,48,2,8734,1881,20,
543,471399564,Bullish,1158084,GodiTwits,2017-08-16,US,2235,6,24064,12120,298,iOS
544,471399544,NULL,3618209,EngineeringRobo,2020-06-13,US,501,10,2005,271,21,
545,471399411,NULL,1555408,STCKPRO,2018-07-24,US,8992,2,938262,51,0,STCK.PRO
546,471398940,NULL,1707210,Rjay1,2018-11-11,US,39,185,2339,561,300,iOS
547,471398869,Bearish,6358556,rumneychel,2022-02-26,US,19,10,1012,253,15,iOS
548,471398695,Bullish,2234434,MahketMaka,2019-07-31,US,135,29,12228,12912,42,
549,471398548,NULL,4752198,Supera15,2021-01-28,US,6,12,1509,1063,26,iOS
550,471397735,NULL,1555408,STCKPRO,2018-07-24,US,8992,2,938262,51,0,STCK.PRO
551,471397492,NULL,336046,s0r0s,2014-03-27,US,195,65,19590,7126,85,Web
552,471397340,NULL,2942766,Decrypt,2019-12-01,US,291,362,12102,169,0,Zapier
553,471397292,Bearish,4654981,SellerMoon,2021-01-22,US,1,22,485,93,98,
554,471396877,NULL,4654981,SellerMoon,2021-01-22,US,1,22,485,93,98,
555,471396080,Bullish,3049097,SnakeEyes11,2020-01-23,US,44,0,613,3266,49,iOS
556,471395830,NULL,1555408,STCKPRO,2018-07-24,US,8995,2,938831,51,0,STCK.PRO
557,471395685,Bullish,6217810,ALEXXXR,2022-01-01,US,3,0,650,830,25,Web
558,471395532,NULL,3902238,Pitbullbearista,2020-08-04,US,257,48,21422,13072,83,iOS
559,471394642,NULL,3581429,SilverMamba,2020-06-08,US,11,7,1886,2054,53,
560,471394640,Bullish,6625138,wallstreet12336777,2022-05-17,US,1,2,1047,227,10,iOS
561,471394586,Bullish,6625138,wallstreet12336777,2022-05-17,US,1,2,1060,230,10,iOS
562,471393537,Bearish,4992123,TheAnxiousJourney,2021-02-11,US,48,2,8733,1881,20,
563,471392419,NULL,1555408,STCKPRO,2018-07-24,US,8995,2,938831,51,0,STCK.PRO
564,471391843,Bearish,6679278,Celsius11,2022-06-06,US,0,1,7,3,0,Web
565,471391747,NULL,295685,mikelmahoo,2014-01-02,US,13,4,1190,343,88,iOS
566,471391616,Bullish,888284,CreativeValue,2016-11-27,US,7,0,765,82,9,iOS
567,471391513,Bullish,888284,CreativeValue,2016-11-27,US,7,0,765,82,9,iOS
568,471391226,NULL,3885034,Ytdprofit,2020-07-31,US,52,232,2768,2805,292,iOS
569,471389988,Bearish,5692197,KuCoin,2021-07-08,US,22,0,999,3052,6,iOS
570,471389577,NULL,1555408,STCKPRO,2018-07-24,US,8995,2,938831,51,0,STCK.PRO
571,471388688,NULL,1537697,abkrsh,2018-07-03,US,4,23,225,366,28,
572,471387180,Bullish,4086941,StockTrappa,2020-09-18,US,8,9,499,163,15,
573,471386320,NULL,689912,AlertsAndNews,2016-02-17,US,17442,135,24247,2312,1,App
574,471385398,NULL,1555408,STCKPRO,2018-07-24,US,8995,2,938831,51,0,STCK.PRO
575,471384981,NULL,5167059,Sheeny2,2021-03-01,US,800,0,8856,11812,5,iOS
576,471383255,Bearish,6689417,TraderDude69,2022-06-10,US,14,1,1493,6467,15,iOS
577,471382838,Bullish,5269250,ConradWhitaker24,2021-03-22,US,2,4,338,420,6,iOS
578,471381804,Bullish,3508301,D_Wave,2020-05-26,US,275,44,5820,64781,14,
579,471381672,Bullish,295685,mikelmahoo,2014-01-02,US,13,4,1190,343,88,iOS
580,471381113,NULL,1539027,TraderLeibniz,2018-07-05,US,1309,117,76874,57542,214,Web
581,471381037,NULL,340993,Venge,2014-04-09,US,5903,360,36805,35912,62,iOS
582,471380909,NULL,389380,Melvinscousin,2014-08-19,US,79,16,6956,1735,135,iOS
583,471379991,Bullish,2841306,DeFi_Wookie,2019-10-04,US,323,19,25131,6751,21,iOS
584,471379869,Bearish,6706588,TomCatt222,2022-06-22,US,2,0,154,33,12,
585,471379448,NULL,6669757,Fair0,2022-06-03,US,12,25,107,309,15,
586,471378814,Bullish,295685,mikelmahoo,2014-01-02,US,13,4,1189,343,88,iOS
587,471378344,NULL,5424780,Stocks_only_,2021-05-03,US,22,5,1788,1730,8,iOS
588,471378242,NULL,4303359,Bearswin2,2020-11-14,US,68,10,5794,381,91,
589,471377640,NULL,2793314,The_Perfect_Wave,2019-09-05,US,5046,6,39520,11579,1,
590,471375111,NULL,3870359,StarshipTrooper,2020-07-29,US,113,7,6521,2050,4,Web
591,471373133,NULL,901749,wavw,2016-12-14,US,36,46,8404,2571,62,iOS
592,471372587,NULL,4132742,ILuvthisshit,2020-10-02,US,71,6,6574,11847,8,iOS
593,471372220,NULL,1505519,Billionaireclubcollc,2018-05-26,US,8427,3,166682,21807,296,Web
594,471371651,NULL,3265366,A76er76er,2020-04-03,US,85,20,6068,2456,1,Web
595,471371644,Bullish,5819614,AmpireNation,2021-08-23,US,7,4,4608,722,10,
596,471370603,Bearish,5310723,Benzo_B,2021-04-02,US,23,2,2508,3365,23,iOS
597,471370278,NULL,2793314,The_Perfect_Wave,2019-09-05,US,5046,5,39515,11579,1,
598,471370234,Bullish,2841306,DeFi_Wookie,2019-10-04,US,323,19,25128,6749,21,iOS
599,471369847,NULL,1505519,Billionaireclubcollc,2018-05-26,US,8428,3,166682,21807,296,Web
600,471368663,NULL,1505519,Billionaireclubcollc,2018-05-26,US,8428,3,166662,21807,296,Web
601,471368175,NULL,515715,Trader_Jatt,2015-05-10,US,27,97,1125,2087,52,
602,471367588,NULL,254176,tuningin,2013-08-18,US,31,28,6061,5409,24,iOS
603,471367309,NULL,4322969,Jvshuanunez,2020-11-20,US,1,2,152,36,3,iOS
604,471365747,Bullish,1000781,jjuntime,2017-03-18,US,12,0,633,69,45,
605,471365658,Bullish,892234,broadStKing,2016-12-02,US,4,0,338,531,13,
606,471365385,Bullish,6419183,GreekGodPlutus,2022-03-26,US,111,0,2894,562,127,iOS
607,471364841,Bullish,4456183,GoldenGoy,2020-12-22,US,42,3,5034,476,18,
608,471364454,NULL,324553,AlienOvichO,2014-03-05,US,585,58,7187,95,1,Web
609,471363965,Bearish,6537305,deestacksnyc,2022-04-08,US,8,2,645,366,30,iOS
610,471363830,Bearish,6537305,deestacksnyc,2022-04-08,US,8,2,645,366,30,iOS
611,471363669,Bullish,4002890,paintinmanning,2020-08-25,US,10,6,646,771,16,iOS
612,471363647,NULL,943846,LuxCapere,2017-02-02,US,3,8,258,162,37,iOS
613,471362598,Bullish,3480818,CashMoneyGreen,2020-05-20,US,47,81,5550,3923,48,iOS
614,471362234,Bullish,6742123,ArcherOliver23,2022-07-12,NULL,0,0,1,0,0,Web
615,471361515,Bearish,6178049,AbimaelP,2021-12-14,US,10,27,640,676,21,iOS
616,471361326,Bullish,2841306,DeFi_Wookie,2019-10-04,US,323,19,25114,6747,21,iOS
617,471360515,Bullish,5715356,Eenz,2021-07-11,US,37,10,3529,25968,102,
618,471359928,Bearish,6206653,Usagi8,2021-12-28,US,10,10,1720,588,31,iOS
619,471359241,NULL,1505519,Billionaireclubcollc,2018-05-26,US,8427,3,166682,21807,296,Web
620,471359065,NULL,1555408,STCKPRO,2018-07-24,US,8995,2,938831,51,0,STCK.PRO
621,471357768,NULL,1550174,Finscreener,2018-07-18,US,1752,28,13376,57,3,Web
622,471357481,NULL,1550174,Finscreener,2018-07-18,US,1750,28,13376,57,3,Web
623,471357461,NULL,4426048,rickidyowens,2020-12-13,CA,45,5,5988,5525,32,iOS
624,471356673,Bullish,1158084,GodiTwits,2017-08-16,US,2235,6,24062,12120,298,iOS
625,471356610,NULL,3611022,Peterdaguru,2020-06-11,US,479,13,22584,283,50,iOS
626,471356248,NULL,2942766,Decrypt,2019-12-01,US,291,362,12100,169,0,Zapier
627,471356008,Bullish,4520623,NoobInvestor2020,2021-01-05,US,17,12,1861,805,193,iOS
628,471355110,Bearish,1307761,brad247,2017-12-11,US,13,66,2320,796,51,iOS
629,471355023,Bullish,344583,RobertFrost,2014-04-19,US,9,60,427,176,1,
630,471354135,Bearish,605578,McDreamy,2015-09-25,US,307,3,13520,10181,23,iOS
631,471354088,NULL,5150928,Hunna,2021-02-27,US,2,1,720,9,27,Web
632,471353712,NULL,152351,ChartLearning,2012-04-26,US,1511,0,7185,1208,0,Web
633,471353601,Bearish,4992123,TheAnxiousJourney,2021-02-11,US,48,2,8733,1881,20,
634,471353184,NULL,6141077,replyguy,2021-11-28,US,3,19,659,616,11,
635,471352555,NULL,6565001,aabbtrumpster,2022-04-21,US,9,23,427,386,7,iOS
636,471351451,Bearish,6005288,Ethman1994,2021-10-21,US,8,0,1458,39,0,Web
637,471350833,Bullish,1878430,beachnit,2019-02-18,US,84,41,3980,484,24,Web
638,471350141,NULL,5062509,_StockDoc_,2021-02-17,US,32,0,10781,4569,37,iOS
639,471349313,NULL,1505519,Billionaireclubcollc,2018-05-26,US,8428,3,166652,21807,296,Web
640,471348515,NULL,5318736,nickcap13,2021-04-05,US,1,13,49,12,18,Web
641,471348316,NULL,4346721,BlameBiden,2020-11-26,US,47,0,10796,1246,10,iOS
642,471347398,Bearish,4303359,Bearswin2,2020-11-14,US,68,10,5800,382,91,
643,471346229,Bullish,5330608,ApTogStr,2021-04-09,US,13,1,672,277,55,iOS
644,471345936,NULL,5062509,_StockDoc_,2021-02-17,US,32,0,10781,4569,37,iOS
645,471345883,NULL,2151386,jooshpak,2019-06-20,US,5,1,449,321,22,Web
646,471345558,Bullish,344583,RobertFrost,2014-04-19,US,9,60,427,176,1,
647,471345425,NULL,1500253,Jim_Young,2018-05-20,US,13,20,2988,3360,88,iOS
648,471344989,NULL,6727307,Btc_to_100k,2022-07-04,NULL,3,2,307,11,9,iOS
649,471344666,NULL,3440548,Kane_Kane,2020-05-12,US,21,13,1534,1003,300,iOS
650,471344219,NULL,1505519,Billionaireclubcollc,2018-05-26,US,8428,3,166652,21807,296,Web
651,471343881,Bearish,739955,nicky6god,2016-04-27,US,70,2,3517,384,20,Web
652,471343773,Bearish,551514,ShowMeYourAssets,2015-07-17,US,8,0,2515,3778,25,iOS
653,471343477,NULL,2942766,Decrypt,2019-12-01,US,291,362,12092,169,0,Zapier
654,471341671,NULL,1505519,Billionaireclubcollc,2018-05-26,US,8428,3,166652,21807,296,Web
655,471341465,NULL,4674841,Paulrc123,2021-01-24,US,4,6,1093,1464,15,iOS
656,471341377,NULL,1505519,Billionaireclubcollc,2018-05-26,US,8428,3,166652,21807,296,Web
657,471341307,NULL,4371858,Dpaulson123,2020-12-01,US,377,507,22477,13154,39,iOS
658,471341238,Bearish,6005288,Ethman1994,2021-10-21,US,8,0,1458,39,0,Web
659,471341192,Bearish,6005288,Ethman1994,2021-10-21,US,8,0,1458,39,0,Web
660,471341026,NULL,4674841,Paulrc123,2021-01-24,US,4,6,1093,1464,15,iOS
661,471340846,NULL,3694787,Thevaluetrend,2020-06-26,US,3,0,447,1,6,Web
662,471340714,NULL,1505519,Billionaireclubcollc,2018-05-26,US,8428,3,166652,21807,296,Web
663,471340651,Bullish,5176703,TSCAG,2021-03-03,US,13,10,1553,1612,27,
664,471339913,NULL,4995847,Big_Crypto,2021-02-12,US,1,1,214,142,8,iOS
665,471339008,NULL,4346721,BlameBiden,2020-11-26,US,47,0,10795,1246,10,iOS
666,471338950,Bullish,5330608,ApTogStr,2021-04-09,US,13,1,672,277,55,iOS
667,471338687,NULL,1505519,Billionaireclubcollc,2018-05-26,US,8428,3,166677,21807,296,Web
668,471338649,NULL,2942766,Decrypt,2019-12-01,US,291,362,12092,169,0,Zapier
669,471338481,NULL,1555408,STCKPRO,2018-07-24,US,8991,2,938643,51,0,STCK.PRO
670,471338092,Bullish,4252755,akamal89,2020-10-30,US,1,2,96,18,4,Web
671,471337302,NULL,1505519,Billionaireclubcollc,2018-05-26,US,8428,3,166652,21807,296,Web
672,471335886,NULL,3326991,WoLFoFWaLlStReET0007,2020-04-19,US,9,17,468,138,221,
673,471335451,NULL,1505519,Billionaireclubcollc,2018-05-26,US,8428,3,166652,21807,296,Web
674,471335148,Bearish,340993,Venge,2014-04-09,US,5903,360,36805,35910,62,iOS
675,471334550,Bearish,183705,BruceBateman,2012-09-19,US,88,86,8516,6909,226,iOS
676,471333800,NULL,1505519,Billionaireclubcollc,2018-05-26,US,8428,3,166652,21807,296,Web
677,471333477,Bullish,1319559,WallStCrook,2017-12-16,US,204,10,3373,1747,67,iOS
678,471332745,Bearish,6358556,rumneychel,2022-02-26,US,19,10,1012,253,15,iOS
679,471331412,NULL,1707210,Rjay1,2018-11-11,US,39,185,2339,561,300,iOS
680,471331255,Bullish,903618,Islanders71,2016-12-16,US,1595,3008,56714,215802,20,Web
681,471330940,Bullish,903618,Islanders71,2016-12-16,US,1595,3008,56714,215802,20,Web
682,471330932,Bullish,229631,Yolo,2013-04-29,US,274,204,5163,1870,68,iOS
683,471329765,Bullish,411344,VegasVixShort,2014-10-13,US,932,27,29639,123056,31,iOS
684,471329752,NULL,1555408,STCKPRO,2018-07-24,US,8991,2,938643,51,0,STCK.PRO
685,471329249,NULL,6706588,TomCatt222,2022-06-22,US,2,0,153,33,12,
686,471329208,NULL,1707210,Rjay1,2018-11-11,US,39,185,2339,561,300,iOS
687,471328979,NULL,1707210,Rjay1,2018-11-11,US,39,185,2339,561,300,iOS
688,471328892,NULL,1505519,Billionaireclubcollc,2018-05-26,US,8430,3,166591,21807,296,Web
689,471328802,NULL,1007119,ShartMarket,2017-03-24,US,4,62,399,74,41,
690,471328324,NULL,1707210,Rjay1,2018-11-11,US,39,185,2339,561,300,iOS
691,471328172,NULL,1505519,Billionaireclubcollc,2018-05-26,US,8430,3,166591,21807,296,Web
692,471327778,NULL,1505519,Billionaireclubcollc,2018-05-26,US,8428,3,166652,21807,296,Web
693,471327340,Bearish,4992123,TheAnxiousJourney,2021-02-11,US,48,2,8731,1880,20,
694,471326512,Bearish,6028858,rusic1,2021-10-26,US,5,2,637,2936,38,iOS
695,471326378,NULL,515715,Trader_Jatt,2015-05-10,US,27,97,1125,2085,52,
696,471324912,NULL,2942766,Decrypt,2019-12-01,US,291,362,12092,169,0,Zapier
697,471324698,NULL,3611022,Peterdaguru,2020-06-11,US,480,13,22533,283,49,iOS
698,471324397,NULL,1505519,Billionaireclubcollc,2018-05-26,US,8428,3,166652,21807,296,Web
699,471324349,NULL,4371858,Dpaulson123,2020-12-01,US,378,507,22453,13144,39,iOS
700,471324344,Bearish,6285418,SayLetsGoBrandon,2022-01-27,US,25,4,1163,4248,3,iOS
701,471324029,NULL,4371858,Dpaulson123,2020-12-01,US,378,507,22453,13144,39,iOS
702,471323580,Bearish,3737115,SPACWarrior,2020-07-04,US,1585,56,4971,523,59,iOS
703,471323036,Bullish,5803206,Crumble_Buns,2021-08-16,US,6,17,593,2032,35,iOS
704,471322246,NULL,1505519,Billionaireclubcollc,2018-05-26,US,8428,3,166652,21807,296,Web
705,471321739,NULL,1505519,Billionaireclubcollc,2018-05-26,US,8428,3,166652,21807,296,Web
706,471321274,NULL,1505519,Billionaireclubcollc,2018-05-26,US,8428,3,166652,21807,296,Web
707,471320797,NULL,1505519,Billionaireclubcollc,2018-05-26,US,8428,3,166652,21807,296,Web
708,471320529,NULL,4785898,Joe_Shiesty,2021-01-29,US,171,84,4955,3197,96,iOS
709,471320511,Bearish,6300849,apesrules,2022-02-02,US,7,1,1090,2373,160,
710,471320214,NULL,1505519,Billionaireclubcollc,2018-05-26,US,8428,3,166652,21807,296,Web
711,471319769,NULL,1505519,Billionaireclubcollc,2018-05-26,US,8426,3,166570,21807,296,Web
712,471319248,NULL,1505519,Billionaireclubcollc,2018-05-26,US,8428,3,166652,21807,296,Web
713,471318964,NULL,5405734,SocratesWise,2021-04-28,US,1,3,265,38,18,iOS
714,471318906,NULL,254176,tuningin,2013-08-18,US,31,28,6058,5398,24,iOS
715,471318527,Bearish,6285418,SayLetsGoBrandon,2022-01-27,US,25,4,1163,4248,3,iOS
716,471318261,Bullish,2003675,AlanTradesNY,2019-04-11,US,303,2,876,298,0,iOS
717,471317862,Bullish,5513609,TONY_APE_MONTANA,2021-05-26,US,67,46,2046,2385,10,iOS
718,471317438,Bullish,6709283,bolo4,2022-06-24,US,4,2,698,613,1,iOS
719,471316900,Bullish,2250347,Trbostocks,2019-08-09,US,3,14,722,759,41,Web
720,471316765,Bearish,276696,hitchslaps,2013-11-02,US,66,30,1886,1522,55,Web
721,471316495,NULL,1555408,STCKPRO,2018-07-24,US,8991,2,938643,51,0,STCK.PRO
722,471315974,NULL,33537,bshipper,2010-12-13,US,30,80,1837,3123,49,
723,471315398,Bullish,6289096,Deep_Value_Crypto,2022-01-28,US,25,7,1612,1408,34,Web
724,471315118,NULL,4810379,TheArmchairEconomist,2021-01-31,US,2,5,161,89,28,
725,471314924,Bullish,2938922,ExpiredOTM,2019-11-28,US,17,6,3158,967,69,iOS
726,471314658,NULL,1007119,ShartMarket,2017-03-24,US,4,62,399,74,41,
727,471314454,NULL,3852494,OziG,2020-07-25,US,21,0,1832,554,8,Web
728,471313784,NULL,391,jackdamn,2009-09-01,US,92743,1,40787,3332,1,Web
729,471313756,NULL,55201,pb_syr,2011-02-25,US,6,51,1899,339,244,
730,471313267,NULL,1505519,Billionaireclubcollc,2018-05-26,US,8428,3,166652,21807,296,Web
731,471312844,Bearish,6285418,SayLetsGoBrandon,2022-01-27,US,25,4,1163,4248,3,iOS
732,471311826,Bearish,6403767,ZaddyWilkinsonXRP,2022-03-21,US,1,0,199,415,6,iOS
733,471311663,NULL,5062509,_StockDoc_,2021-02-17,US,32,0,10781,4569,37,iOS
734,471310851,Bearish,6336861,shannontrades659,2022-02-17,US,63,4,1684,385,4,Web
735,471310844,Bearish,6285418,SayLetsGoBrandon,2022-01-27,US,25,4,1163,4248,3,iOS
736,471310305,Bullish,5513609,TONY_APE_MONTANA,2021-05-26,US,67,46,2046,2385,10,iOS
737,471310240,NULL,1505519,Billionaireclubcollc,2018-05-26,US,8428,3,166652,21807,296,Web
738,471309908,NULL,6332296,WhyBearsArgueAndReport,2022-02-15,US,24,25,3529,4553,4,iOS
739,471309625,NULL,6565001,aabbtrumpster,2022-04-21,US,9,23,427,386,7,iOS
740,471309018,NULL,879464,gthoya,2016-11-15,US,7,61,930,40,2,iOS
741,471308801,Bearish,4992123,TheAnxiousJourney,2021-02-11,US,48,2,8731,1880,20,
742,471308079,NULL,6189396,GeekOnToast,2021-12-20,US,2,0,73,2569,6,
743,471307880,NULL,3611022,Peterdaguru,2020-06-11,US,480,13,22539,283,49,iOS
744,471307768,NULL,6702194,LiveLucky9,2022-06-19,NULL,2,2,320,84,52,iOS
745,471306909,NULL,3975552,Honeycombz11,2020-08-19,US,69,9,4626,3247,46,Web
746,471306898,NULL,551986,CrzyChris5,2015-07-17,US,218,1,9421,1604,16,
747,471306773,Bearish,5222820,Epic_Economics,2021-03-11,US,275,0,28131,55644,64,iOS
748,471306353,Bearish,6270587,TheRealLMGoali,2022-01-21,US,23,2,1607,637,1,iOS
749,471306192,Bearish,6270587,TheRealLMGoali,2022-01-21,US,23,2,1607,637,1,iOS
750,471305341,NULL,6709283,bolo4,2022-06-24,US,4,2,698,613,1,iOS
751,471304793,NULL,551986,CrzyChris5,2015-07-17,US,218,1,9421,1604,16,
752,471304508,NULL,6636281,Gosha7777,2022-05-21,US,1,0,35,186,0,Web
753,471304468,Bullish,4414643,Penny_Cruncher,2020-12-10,US,68,5,8434,4196,31,iOS
754,471304204,NULL,1555408,STCKPRO,2018-07-24,US,8991,2,938643,51,0,STCK.PRO
755,471304180,NULL,551986,CrzyChris5,2015-07-17,US,218,1,9421,1604,16,
756,471303968,NULL,5806161,Buyhighsellreallow,2021-08-18,US,43,11,7364,1548,53,iOS
757,471302461,NULL,3313303,xyz2346,2020-04-16,US,10,18,2566,1169,296,iOS
758,471302381,NULL,2111912,Buy_or_Bust,2019-05-30,US,24,4,2262,3228,5,iOS
759,471302038,NULL,3630594,JonnyBoyBull,2020-06-15,US,72,60,6401,3962,52,iOS
760,471301323,NULL,6590398,wolfgannfibwave,2022-05-03,US,6,0,114,1,7,Web
761,471300515,NULL,747264,hebrewhammer78,2016-05-07,US,6,12,791,523,5,iOS
762,471300385,Bearish,3975552,Honeycombz11,2020-08-19,US,69,9,4626,3247,46,Web
763,471298350,NULL,5626760,LukePUMPWalker,2021-06-22,US,26,40,2232,426,43,iOS
764,471298131,Bullish,3611022,Peterdaguru,2020-06-11,US,479,13,22525,283,50,iOS
765,471297891,Bearish,3902238,Pitbullbearista,2020-08-04,US,257,48,21417,13073,83,iOS
766,471297042,Bullish,5068511,edwardleung,2021-02-18,US,0,0,28,178,1,Web
767,471296809,NULL,4474056,Coffeeinmyveins,2020-12-25,US,5,1,752,155,44,
768,471296766,NULL,4474056,Coffeeinmyveins,2020-12-25,US,5,1,752,155,44,
769,471295842,NULL,5341879,4diamondGeneraldoge,2021-04-12,US,14,22,1601,967,31,iOS
770,471294800,Bullish,1312937,JRatBullReturns,2017-12-13,US,26,8,860,1064,8,iOS
771,471294572,Bearish,306682,MisterGreen,2014-01-29,US,12,0,1536,971,1,
772,471293047,NULL,1555408,STCKPRO,2018-07-24,US,8991,2,938643,51,0,STCK.PRO
773,471292640,Bullish,6193028,LuckyLicks333,2021-12-21,US,7,0,734,104,52,iOS
774,471292144,NULL,1505519,Billionaireclubcollc,2018-05-26,US,8425,3,166565,21807,296,Web
775,471291865,NULL,6678328,KingJPowell,2022-06-06,US,85,6,2414,1864,23,Web
776,471291317,Bullish,3606946,CaptnSendy,2020-06-11,US,4,6,349,229,16,iOS
777,471291294,NULL,6741854,leemonade,2022-07-12,LV,0,0,3,15,0,iOS
778,471291265,NULL,6678328,KingJPowell,2022-06-06,US,86,6,2431,1873,23,Web
779,471290835,NULL,1505519,Billionaireclubcollc,2018-05-26,US,8428,3,166652,21807,296,Web
780,471288518,NULL,4614675,JackD1875,2021-01-17,US,59,11,2941,5386,0,Web
781,471287368,NULL,389380,Melvinscousin,2014-08-19,US,79,16,6956,1735,135,iOS
782,471286689,NULL,2942766,Decrypt,2019-12-01,US,291,362,12092,169,0,Zapier
783,471285794,NULL,1690710,PrinceNJ,2018-11-01,US,99,23,6234,3549,45,iOS
784,471284885,Bullish,3864593,Pizzleking,2020-07-28,US,5,0,480,280,14,Web
785,471282371,NULL,1505519,Billionaireclubcollc,2018-05-26,US,8425,3,166541,21807,296,Web
786,471281630,Bullish,6353721,BelugaSperm,2022-02-24,US,4,1,194,402,19,iOS
787,471281282,Bearish,734866,Januarysveryown,2016-04-20,US,9,3,1145,563,60,Web
788,471279120,NULL,1505519,Billionaireclubcollc,2018-05-26,US,8425,3,166541,21807,296,Web
789,471276741,NULL,1505519,Billionaireclubcollc,2018-05-26,US,8425,3,166541,21807,296,Web
790,471276228,NULL,6169219,CandlesINFLATED,2021-12-10,US,257,35,22343,6761,27,iOS
791,471275814,NULL,1505519,Billionaireclubcollc,2018-05-26,US,8425,3,166541,21807,296,Web
792,471274859,NULL,2929894,UPhone,2019-11-23,US,20,31,1995,4423,13,iOS
793,471274340,NULL,1555408,STCKPRO,2018-07-24,US,8992,2,938262,51,0,STCK.PRO
794,471273016,NULL,5588688,oneofthesedays_,2021-06-12,US,0,0,210,78,12,
795,471270833,Bullish,2841306,DeFi_Wookie,2019-10-04,US,323,19,25122,6747,21,iOS
796,471268202,Bullish,960199,Imdumb2022,2017-02-17,US,100,0,4494,8122,1,Web
797,471267005,Bearish,3975552,Honeycombz11,2020-08-19,US,69,9,4626,3247,46,Web
798,471266440,NULL,1505519,Billionaireclubcollc,2018-05-26,US,8428,3,166652,21807,296,Web
799,471266136,NULL,4086941,StockTrappa,2020-09-18,US,8,9,499,163,15,
800,471264904,NULL,1505519,Billionaireclubcollc,2018-05-26,US,8425,3,166541,21807,296,Web
801,471263759,NULL,1505519,Billionaireclubcollc,2018-05-26,US,8425,3,166517,21807,296,Web
802,471263708,NULL,1555408,STCKPRO,2018-07-24,US,8991,2,938643,51,0,STCK.PRO
803,471262885,NULL,6741598,Layla02,2022-07-12,US,0,9,12,15,100,
804,471261001,NULL,6141077,replyguy,2021-11-28,US,3,19,654,615,11,
805,471258279,NULL,3902076,kevweo,2020-08-04,US,12,48,317,7191,6,iOS
806,471257052,NULL,411344,VegasVixShort,2014-10-13,US,932,27,29642,123057,31,iOS
807,471255613,Bullish,903618,Islanders71,2016-12-16,US,1595,3008,56712,215802,20,Web
808,471255350,NULL,1870449,9owls,2019-02-14,US,109,4,12181,1106,22,Web
809,471254798,NULL,1505519,Billionaireclubcollc,2018-05-26,US,8425,3,166541,21807,296,Web
810,471254750,NULL,1791322,oldswedebich,2019-01-03,US,11,6,1383,945,9,iOS
811,471253831,NULL,6730405,John88888888,2022-07-05,CA,0,6,36,6,3,iOS
812,471252703,NULL,411344,VegasVixShort,2014-10-13,US,932,27,29642,123057,31,iOS
813,471249943,NULL,1149648,Marketician,2017-08-07,US,416,71,5909,2037,78,Web
814,471247559,NULL,1555408,STCKPRO,2018-07-24,US,8991,2,938643,51,0,STCK.PRO
815,471247032,Bullish,906518,DONALD_TRUMP,2016-12-20,US,217,91,6763,9508,34,iOS
816,471246431,Bullish,6705092,spcemasterjedi0101,2022-06-21,NULL,0,0,135,123,20,iOS
817,471245741,NULL,1505519,Billionaireclubcollc,2018-05-26,US,8425,3,166517,21807,296,Web
818,471240787,Bearish,6005288,Ethman1994,2021-10-21,US,8,0,1458,39,0,Web
819,471240549,NULL,7108,Benzinga,2009-12-04,US,286460,531,126896,122,6,Web
820,471239349,Bullish,1808564,Missing_Link,2019-01-14,US,102,9,13618,32360,57,
821,471234637,Bearish,3784026,askbob,2020-07-13,US,10,7,1807,139,29,
822,471234544,Bullish,836166,jmoney091,2016-09-07,US,202,56,6073,3373,56,iOS
823,471233890,NULL,4426048,rickidyowens,2020-12-13,CA,45,5,5988,5525,32,iOS
824,471232830,NULL,1555408,STCKPRO,2018-07-24,US,8991,2,938643,51,0,STCK.PRO
825,471229837,NULL,296805,TalkMarkets,2014-01-05,US,29868,340,315748,529,0,TalkMarkets
826,471229505,NULL,2234434,MahketMaka,2019-07-31,US,134,29,12174,12861,42,
827,471227555,NULL,627427,ARMRreport,2015-11-04,US,7490,18,7789,729,10,Web
828,471227046,Bullish,4060351,Reddollars456,2020-09-09,US,21,11,2661,606,28,
829,471226760,Bearish,5545959,CleopatraQueen,2021-06-03,US,225,205,2393,6249,127,Web
830,471226234,NULL,1505519,Billionaireclubcollc,2018-05-26,US,8428,3,166652,21807,296,Web
831,471225965,NULL,33537,bshipper,2010-12-13,US,30,80,1837,3123,49,
832,471224777,Bearish,551514,ShowMeYourAssets,2015-07-17,US,8,0,2514,3775,25,iOS
833,471223310,Bearish,4992123,TheAnxiousJourney,2021-02-11,US,48,2,8731,1880,20,
834,471223282,NULL,1505519,Billionaireclubcollc,2018-05-26,US,8425,3,166517,21807,296,Web
835,471221334,Bearish,4303359,Bearswin2,2020-11-14,US,68,10,5765,379,91,
836,471220253,Bullish,6723414,__SuNdAyGrAvY__,2022-07-01,NULL,5,0,275,152,0,Web
837,471219962,NULL,1555408,STCKPRO,2018-07-24,US,8990,2,937929,51,0,STCK.PRO
838,471218069,NULL,4814189,blackwatersmash,2021-02-01,US,10,16,273,7,98,Web
839,471217732,NULL,6042535,StocktwitsNFTs,2021-10-29,US,237,46,772,2038,51,Web
840,471217498,NULL,2234434,MahketMaka,2019-07-31,US,133,29,12189,12881,41,
841,471217365,NULL,2929894,UPhone,2019-11-23,US,20,31,1995,4423,13,iOS
842,471216569,NULL,1791322,oldswedebich,2019-01-03,US,11,6,1380,944,8,iOS
843,471216365,Bullish,432939,stockydave22,2014-12-05,US,141,96,21657,187,57,
844,471215346,NULL,1505519,Billionaireclubcollc,2018-05-26,US,8428,3,166652,21807,296,Web
845,471209262,Bullish,4520623,NoobInvestor2020,2021-01-05,US,17,12,1861,805,193,iOS
846,471209135,Bullish,6741524,Tepjeck,2022-07-12,NULL,0,0,7,9,1,Web
847,471209059,NULL,1505519,Billionaireclubcollc,2018-05-26,US,8425,3,166473,21807,296,Web
848,471206683,Bullish,2026515,Byhiselo,2019-04-22,US,116,11,5492,3653,51,Web
849,471206020,Bullish,6723414,__SuNdAyGrAvY__,2022-07-01,NULL,5,0,313,175,0,Web
850,471205402,Bullish,3191948,Solus95,2020-03-16,US,8,4,543,262,78,iOS
851,471205132,Bearish,3313303,xyz2346,2020-04-16,US,10,18,2566,1169,296,iOS
852,471204073,Bullish,1277801,omaldj68,2017-11-21,US,6,6,436,1225,53,iOS
853,471203967,NULL,1505519,Billionaireclubcollc,2018-05-26,US,8425,3,166466,21807,296,Web
854,471201998,Bullish,5724812,GrannyDip,2021-07-14,US,126,56,14803,13297,55,iOS
855,471201866,Bullish,3116080,Actionbronson,2020-02-22,US,765,976,15950,37511,88,Web
856,471201753,Bullish,6289096,Deep_Value_Crypto,2022-01-28,US,25,7,1612,1408,34,Web
857,471201665,NULL,1505519,Billionaireclubcollc,2018-05-26,US,8425,3,166466,21807,296,Web
858,471201331,NULL,4916409,200ProcentTetna,2021-02-08,US,5,10,668,952,299,
859,471200465,NULL,1505519,Billionaireclubcollc,2018-05-26,US,8425,3,166466,21807,296,Web
860,471199795,NULL,3057652,TopStonks,2020-01-27,US,2329,1324,87501,732,2,TopStonks
861,471199167,NULL,551986,CrzyChris5,2015-07-17,US,218,1,9421,1604,16,
862,471197564,NULL,3265366,A76er76er,2020-04-03,US,85,20,6068,2456,1,Web
863,471196941,Bullish,6353721,BelugaSperm,2022-02-24,US,4,1,187,386,17,iOS
864,471195126,Bearish,6520230,bearingling,2022-04-01,US,19,20,1743,2401,37,
865,471194211,Bullish,1870449,9owls,2019-02-14,US,109,4,12181,1106,22,Web
866,471194001,Bearish,6257228,ReginaGeorge_,2022-01-16,US,6,0,68,3,5,Web
867,471193515,NULL,1555408,STCKPRO,2018-07-24,US,8990,2,937929,51,0,STCK.PRO
868,471192297,NULL,5723273,beenwilli,2021-07-14,US,61,59,4088,7851,128,iOS
869,471191189,NULL,1505519,Billionaireclubcollc,2018-05-26,US,8425,3,166466,21807,296,Web
870,471190752,NULL,1539027,TraderLeibniz,2018-07-05,US,1317,116,76899,57545,214,Web
871,471190440,Bullish,3980878,Chief_Trading,2020-08-20,US,60,37,7085,12416,20,iOS
872,471190198,Bullish,1870449,9owls,2019-02-14,US,109,4,12181,1106,22,Web
873,471189987,NULL,1505519,Billionaireclubcollc,2018-05-26,US,8425,3,166473,21807,296,Web
874,471189845,Bullish,6723414,__SuNdAyGrAvY__,2022-07-01,NULL,5,0,272,152,0,Web
875,471187742,NULL,1505519,Billionaireclubcollc,2018-05-26,US,8425,3,166473,21807,296,Web
876,471187600,Bearish,3753152,DJRick,2020-07-07,US,97,4,6814,1623,40,Web
877,471186640,NULL,3031180,genetic,2020-01-15,US,18,28,1629,2384,95,iOS
878,471186106,NULL,3057652,TopStonks,2020-01-27,US,2329,1324,87501,732,2,TopStonks
879,471185279,NULL,1505519,Billionaireclubcollc,2018-05-26,US,8425,3,166473,21807,296,Web
880,471184226,Bearish,6005288,Ethman1994,2021-10-21,US,8,0,1425,37,0,Web
881,471184147,Bearish,6005288,Ethman1994,2021-10-21,US,8,0,1425,37,0,Web
882,471183644,Bearish,6285418,SayLetsGoBrandon,2022-01-27,US,25,4,1163,4248,3,iOS
883,471183169,NULL,1505519,Billionaireclubcollc,2018-05-26,US,8425,3,166473,21807,296,Web
884,471183147,NULL,1555408,STCKPRO,2018-07-24,US,8996,2,939379,51,0,STCK.PRO
885,471182986,NULL,1505519,Billionaireclubcollc,2018-05-26,US,8428,3,166721,21808,296,Web
886,471182104,NULL,1505519,Billionaireclubcollc,2018-05-26,US,8428,3,166721,21808,296,Web
887,471181597,NULL,1505519,Billionaireclubcollc,2018-05-26,US,8428,3,166721,21808,296,Web
888,471181531,Bullish,6723414,__SuNdAyGrAvY__,2022-07-01,NULL,5,0,333,181,0,Web
889,471181052,Bullish,6723414,__SuNdAyGrAvY__,2022-07-01,NULL,5,0,333,181,0,Web
890,471181043,NULL,1505519,Billionaireclubcollc,2018-05-26,US,8428,3,166721,21808,296,Web
891,471179812,NULL,1505519,Billionaireclubcollc,2018-05-26,US,8428,3,166721,21808,296,Web
892,471179699,NULL,4686630,TheFallofAdam,2021-01-25,US,120,25,8190,17454,3,iOS
893,471179683,NULL,1505519,Billionaireclubcollc,2018-05-26,US,8428,3,166721,21808,296,Web
894,471178905,NULL,4314912,lusoSpanishTrader,2020-11-18,US,51,9,2568,1672,27,
895,471178622,NULL,3264457,OTC_EMPRESS,2020-04-03,US,2717,37,39802,18713,117,
896,471178547,NULL,1505519,Billionaireclubcollc,2018-05-26,US,8428,3,166713,21807,296,Web
897,471178220,NULL,2942766,Decrypt,2019-12-01,US,291,362,12103,169,0,Zapier
898,471178199,NULL,1555408,STCKPRO,2018-07-24,US,8996,2,939379,51,0,STCK.PRO
899,471177990,NULL,1505519,Billionaireclubcollc,2018-05-26,US,8428,3,166721,21808,296,Web
900,471177985,NULL,4346721,BlameBiden,2020-11-26,US,47,0,10822,1246,10,iOS
901,471177768,Bullish,2841306,DeFi_Wookie,2019-10-04,US,323,19,25134,6752,21,iOS
902,471177353,NULL,1505519,Billionaireclubcollc,2018-05-26,US,8428,3,166721,21808,296,Web
903,471176811,NULL,1505519,Billionaireclubcollc,2018-05-26,US,8428,3,166721,21808,296,Web
904,471176731,Bearish,4629397,funds_are_safu,2021-01-19,US,51,31,8636,7244,52,iOS
905,471175903,Bullish,1452137,Rogue80,2018-03-22,US,495,208,15398,12544,85,
906,471175551,NULL,1505519,Billionaireclubcollc,2018-05-26,US,8428,3,166721,21808,296,Web
907,471175392,NULL,6067984,bearishbull444,2021-11-05,US,11,55,351,453,9,iOS
908,471175076,Bullish,2841306,DeFi_Wookie,2019-10-04,US,321,19,25135,6752,21,iOS
909,471174689,NULL,1555408,STCKPRO,2018-07-24,US,8996,2,939379,51,0,STCK.PRO
910,471174574,NULL,1505519,Billionaireclubcollc,2018-05-26,US,8428,3,166721,21808,296,Web
911,471174521,NULL,5386686,DiabloInvestment,2021-04-23,US,2,1,238,9,0,Web
912,471174260,NULL,1505519,Billionaireclubcollc,2018-05-26,US,8428,3,166721,21808,296,Web
913,471174079,Bullish,6176832,Mistakin,2021-12-13,US,88,117,8322,5322,6,iOS
914,471174056,NULL,1505519,Billionaireclubcollc,2018-05-26,US,8428,3,166721,21808,296,Web
915,471173853,NULL,1707210,Rjay1,2018-11-11,US,39,185,2339,561,300,iOS
916,471173611,NULL,1505519,Billionaireclubcollc,2018-05-26,US,8428,3,166721,21808,296,Web
917,471173551,Bullish,6741283,DylanJudkins1,2022-07-12,NULL,0,0,1,0,0,Web
918,471173269,Bearish,3084715,Jamaritr8dr,2020-02-09,US,19,20,1599,353,32,
919,471173027,NULL,1505519,Billionaireclubcollc,2018-05-26,US,8428,3,166721,21808,296,Web
920,471172772,Bearish,6310610,CryptoNewsAlerts,2022-02-05,US,24,111,840,19,13,Web
921,471172691,NULL,3010385,Radu10,2020-01-07,US,1082,56,30866,20033,159,
922,471172611,NULL,4314912,lusoSpanishTrader,2020-11-18,US,51,9,2568,1672,27,
923,471172556,Bearish,6723798,hitsblunt,2022-07-01,NULL,3,2,159,117,9,Web
924,471172432,NULL,4114483,ONLY_SQUEEZE_PLAY,2020-09-28,US,152,126,7992,17800,6,Web
925,471172124,NULL,1555408,STCKPRO,2018-07-24,US,8996,2,939379,51,0,STCK.PRO
926,471170924,Bearish,6005288,Ethman1994,2021-10-21,US,8,0,1470,40,0,Web
927,471170743,NULL,2942766,Decrypt,2019-12-01,US,291,362,12103,169,0,Zapier
928,471170023,Bearish,4916409,200ProcentTetna,2021-02-08,US,5,10,683,975,299,
929,471169968,NULL,1555408,STCKPRO,2018-07-24,US,8996,2,939379,51,0,STCK.PRO
930,471169737,Bullish,6723414,__SuNdAyGrAvY__,2022-07-01,NULL,5,0,333,181,0,Web
931,471169423,Bearish,6723798,hitsblunt,2022-07-01,NULL,3,2,159,117,9,Web
932,471169168,NULL,5833352,EZMoneyBull,2021-08-27,US,17,0,1169,1360,4,iOS
933,471169082,Bullish,3366119,Crypto_Jim,2020-04-27,US,167,29,12154,22325,34,
934,471169012,Bullish,6741117,jaderuwolt,2022-07-12,NULL,0,0,10,0,27,Web
935,471168631,Bullish,6741117,jaderuwolt,2022-07-12,NULL,0,0,10,0,27,Web
936,471167458,Bearish,6389310,The__Warthog,2022-03-11,US,17,4,779,451,2,iOS
937,471167175,Bearish,6270587,TheRealLMGoali,2022-01-21,US,23,2,1607,637,1,iOS
938,471167025,Bearish,4992123,TheAnxiousJourney,2021-02-11,US,48,2,8734,1881,20,
939,471166783,NULL,720893,hsnbrg,2016-04-04,US,8,10,1030,3,0,Web
940,471166563,Bearish,4992123,TheAnxiousJourney,2021-02-11,US,48,2,8734,1881,20,
941,471166467,Bullish,6741046,RoryGooseberry1,2022-07-12,NULL,0,0,1,0,0,Web
942,471166456,NULL,172708,KRowland,2012-07-31,US,6,17,195,32,59,Web
943,471166341,NULL,6326471,Bidentickledme69,2022-02-12,US,3,2,657,523,27,iOS
944,471166083,NULL,4314912,lusoSpanishTrader,2020-11-18,US,51,9,2568,1672,27,
945,471165871,NULL,1555408,STCKPRO,2018-07-24,US,8996,2,939379,51,0,STCK.PRO
946,471165677,NULL,1629858,leveraged2infinity,2018-09-26,US,11,32,1074,838,60,
947,471165631,NULL,296805,TalkMarkets,2014-01-05,US,29868,340,315818,529,0,TalkMarkets
948,471165519,Bearish,3975552,Honeycombz11,2020-08-19,US,69,9,4629,3253,46,Web
949,471165017,NULL,3188766,Numimaker,2020-03-15,US,388,65,13199,4500,10,iOS
950,471164981,Bearish,6734696,BidensSafetyHelmet,2022-07-08,NULL,2,0,169,70,7,iOS
951,471164653,NULL,1555408,STCKPRO,2018-07-24,US,8996,2,939379,51,0,STCK.PRO
952,471163167,NULL,1555408,STCKPRO,2018-07-24,US,8995,2,938831,51,0,STCK.PRO
953,471163129,NULL,3057652,TopStonks,2020-01-27,US,2328,1324,87521,732,2,TopStonks
954,471162831,NULL,5062509,_StockDoc_,2021-02-17,US,32,0,10781,4569,37,iOS
955,471161936,NULL,1731372,jbthuds,2018-11-26,US,46,10,5588,6933,71,iOS
956,471161794,Bullish,4538051,MF__DOOM,2021-01-07,US,65,12,1959,1002,174,iOS
957,471161782,Bearish,6706588,TomCatt222,2022-06-22,US,2,0,154,33,12,
958,471161638,NULL,2111912,Buy_or_Bust,2019-05-30,US,24,4,2262,3228,5,iOS
959,471161508,Bullish,4538051,MF__DOOM,2021-01-07,US,65,12,1959,1002,173,iOS
960,471161252,NULL,1555408,STCKPRO,2018-07-24,US,8996,2,939379,51,0,STCK.PRO
961,471161154,NULL,3294967,Judy11,2020-04-11,US,116,10,19611,2410,127,iOS
962,471160596,Bearish,204419,SethQue,2013-01-02,US,212,83,11342,4652,52,iOS
963,471160321,NULL,1946552,Money_Heist_Official,2019-03-18,US,500,53,7068,3354,70,iOS
964,471160235,Bullish,6641050,blackeagle7,2022-05-24,US,7,5,371,13945,11,
965,471159909,NULL,3501751,bighaas,2020-05-25,US,988,397,48751,19010,5,iOS
966,471159828,Bearish,6410940,SammyStocks22,2022-03-23,US,0,0,188,53,0,Web
967,471159709,NULL,6268942,Chuckcuck,2022-01-20,US,1,0,45,169,2,iOS
968,471159075,NULL,128933,ElliottwaveForecast,2012-01-10,US,42880,17,398942,6,25,Web
969,471158895,NULL,1555408,STCKPRO,2018-07-24,US,8995,2,938831,51,0,STCK.PRO
970,471158831,NULL,1460679,MapTechnicalForecasting,2018-04-01,US,1081,2,5367,1271,1,iOS
971,471158687,NULL,1460679,MapTechnicalForecasting,2018-04-01,US,1081,2,5367,1271,1,iOS
972,471158216,NULL,3730361,Iisgroot,2020-07-02,US,10,5,1199,101,45,iOS
973,471157703,NULL,6689417,TraderDude69,2022-06-10,US,14,1,1493,6467,15,iOS
974,471157003,NULL,2111912,Buy_or_Bust,2019-05-30,US,24,4,2262,3228,5,iOS
975,471156878,Bearish,2184379,TimHortons,2019-07-09,US,70,122,5950,7536,50,iOS
976,471156793,Bullish,6740869,0x5269636f,2022-07-12,SG,0,0,1,0,0,Web
977,471156712,NULL,1657096,grady626,2018-10-12,US,120,685,8589,983,261,iOS
978,471156212,Bullish,3925017,Guap_,2020-08-08,US,17,22,651,615,7,Web
979,471155965,NULL,5398578,ElpesCOZON,2021-04-26,US,8,3,1418,66,19,iOS
980,471155715,NULL,1322211,GrimStonk737,2017-12-18,US,116,497,5181,1238,33,iOS
981,471155527,Bullish,6178049,AbimaelP,2021-12-14,US,10,27,640,676,21,iOS
982,471155456,Bullish,6740841,ebonyholder,2022-07-12,NULL,0,0,10,0,27,Web
983,471155320,NULL,1223030,TimePhysician,2017-10-11,US,15,0,2701,790,23,Web
984,471155307,NULL,901749,wavw,2016-12-14,US,36,46,8405,2571,62,iOS
985,471155157,NULL,3501751,bighaas,2020-05-25,US,988,397,48751,19010,5,iOS
986,471154613,NULL,5506914,MADMAX3000,2021-05-24,US,0,0,24,5,17,
987,471154582,NULL,1477640,GeneralX90,2018-04-22,US,74,21,4164,5140,15,iOS
988,471154550,NULL,6740826,scarlettshapcott,2022-07-12,IN,0,0,10,0,0,Web
989,471154236,Bullish,6740777,keirabain,2022-07-12,NULL,0,0,10,0,27,Web
990,471154205,Bearish,6689417,TraderDude69,2022-06-10,US,14,1,1492,6467,15,iOS
991,471153971,Bullish,6740777,keirabain,2022-07-12,NULL,0,0,10,0,27,Web
992,471153929,NULL,4303359,Bearswin2,2020-11-14,US,68,10,5800,382,91,
993,471153585,Bullish,6740777,keirabain,2022-07-12,NULL,0,0,10,0,27,Web
994,471153566,Bearish,4992123,TheAnxiousJourney,2021-02-11,US,48,2,8733,1881,20,
995,471153131,NULL,3294967,Judy11,2020-04-11,US,116,10,19611,2410,127,iOS
996,471152903,NULL,1770705,Jabba_Hutt,2018-12-22,US,202,9,5175,2034,11,iOS
997,471152557,Bullish,1322211,GrimStonk737,2017-12-18,US,116,497,5181,1238,33,iOS
998,471152519,NULL,5683576,timmydoesbigg,2021-07-08,US,58,48,9224,15642,19,
999,471151854,NULL,2841306,DeFi_Wookie,2019-10-04,US,323,19,25132,6751,21,iOS
